TSS;COD;BOD;nitrate;TN;ammonia;phosphate;TP
;;;;;;;
29;38.213;29.9952;5.22;15.16;22.836;3.4;4.77
;;;;;;;
29;38.213;29.9952;5.22;15.16;22.836;3.4;4.77
;;;;;;;
29;38.213;29.9952;5.22;15.16;22.836;3.4;4.77
;;;;;;;
29;38.213;29.9952;5.22;15.16;22.836;3.4;4.77
;;;;;;;
29;38.213;29.9952;5.22;15.16;22.836;3.4;4.77
;;;;;;;
29;38.213;29.9952;5.22;15.16;22.836;3.4;4.77
;;;;;;;
29;38.213;29.9952;5.22;15.16;22.836;3.4;4.77
;;;;;;;
29;38.213;29.9952;5.22;15.16;22.836;3.4;4.77
;;;;;;;
29;38.213;29.9952;5.22;15.16;22.836;3.4;4.77
;;;;;;;
29;38.213;29.9952;5.22;15.16;22.836;3.4;4.77
;;;;;;;
29;38.213;29.9952;5.22;15.16;22.836;3.4;4.77
;;;;;;;
29;38.213;29.9952;5.22;15.16;22.836;3.4;4.77
;;;;;;;
29;38.213;29.9952;5.22;15.16;22.836;3.4;4.77
;;;;;;;
29;38.213;29.9952;5.22;15.16;22.836;3.4;4.77
;;;;;;;
29;38.213;29.9952;5.22;15.16;22.836;3.4;4.77
;;;;;;;
29;38.213;29.9952;5.22;15.16;22.836;3.4;4.77
;;;;;;;
29;38.213;29.9952;5.22;15.16;22.836;3.4;4.77
;;;;;;;
29;38.213;29.9952;5.22;15.16;22.836;3.4;4.77
;;;;;;;
29;38.213;29.9952;5.22;15.16;22.836;3.4;4.77
;;;;;;;
29;38.213;29.9952;5.22;15.16;22.836;3.4;4.77
;;;;;;;
29;38.213;29.9952;5.22;15.16;22.836;3.4;4.77
;;;;;;;
29;38.213;29.9952;5.22;15.16;22.836;3.4;4.77
;;;;;;;
29;38.213;29.9952;5.22;15.16;22.836;3.4;4.77
;;;;;;;
29;38.213;29.9952;5.22;15.16;22.836;3.4;4.77
;;;;;;;
29;38.213;29.9952;5.22;15.16;22.836;3.4;4.77
;;;;;;;
29;38.213;29.9952;5.22;15.16;22.836;3.4;4.77
;;;;;;;
29;38.213;29.9952;5.22;15.16;22.836;3.4;4.77
;;;;;;;
29;38.213;29.9952;5.22;15.16;22.836;3.4;4.77
;;;;;;;
29;38.213;29.9952;5.22;15.16;22.836;3.4;4.77
;;;;;;;
29;38.213;29.9952;5.22;15.16;22.836;3.4;4.77
;;;;;;;
29;38.213;29.9952;5.22;15.16;22.836;3.4;4.77
;;;;;;;
38.066;629.7788;63.3096;17.69;13.496;148.0578;22.13;4.9
;;;;;;;
38.066;629.7788;63.3096;17.69;13.496;148.0578;22.13;4.9
;;;;;;;
38.066;629.7788;63.3096;17.69;13.496;148.0578;22.13;4.9
;;;;;;;
38.066;629.7788;63.3096;17.69;13.496;148.0578;22.13;4.9
;;;;;;;
38.066;629.7788;63.3096;17.69;13.496;148.0578;22.13;4.9
;;;;;;;
38.066;629.7788;63.3096;17.69;13.496;148.0578;22.13;4.9
;;;;;;;
38.066;629.7788;63.3096;17.69;13.496;148.0578;22.13;4.9
;;;;;;;
38.066;629.7788;63.3096;17.69;13.496;148.0578;22.13;4.9
;;;;;;;
38.066;629.7788;63.3096;17.69;13.496;148.0578;22.13;4.9
;;;;;;;
38.066;629.7788;63.3096;17.69;13.496;148.0578;22.13;4.9
;;;;;;;
38.066;629.7788;63.3096;17.69;13.496;148.0578;22.13;4.9
;;;;;;;
38.066;629.7788;63.3096;17.69;13.496;148.0578;22.13;4.9
;;;;;;;
38.066;629.7788;63.3096;17.69;13.496;148.0578;22.13;4.9
;;;;;;;
38.066;629.7788;63.3096;17.69;13.496;148.0578;22.13;4.9
;;;;;;;
38.066;629.7788;63.3096;17.69;13.496;148.0578;22.13;4.9
;;;;;;;
38.066;629.7788;63.3096;17.69;13.496;148.0578;22.13;4.9
;;;;;;;
38.066;629.7788;63.3096;17.69;13.496;148.0578;22.13;4.9
;;;;;;;
38.066;629.7788;63.3096;17.69;13.496;148.0578;22.13;4.9
;;;;;;;
38.066;629.7788;63.3096;17.69;13.496;148.0578;22.13;4.9
;;;;;;;
38.066;629.7788;63.3096;17.69;13.496;148.0578;22.13;4.9
;;;;;;;
38.066;629.7788;63.3096;17.69;13.496;148.0578;22.13;4.9
;;;;;;;
38.066;629.7788;63.3096;17.69;13.496;148.0578;22.13;4.9
;;;;;;;
38.066;629.7788;63.3096;17.69;13.496;148.0578;22.13;4.9
;;;;;;;
38.066;629.7788;63.3096;17.69;13.496;148.0578;22.13;4.9
;;;;;;;
38.066;629.7788;63.3096;17.69;13.496;148.0578;22.13;4.9
;;;;;;;
38.066;629.7788;63.3096;17.69;13.496;148.0578;22.13;4.9
;;;;;;;
38.066;629.7788;63.3096;17.69;13.496;148.0578;22.13;4.9
;;;;;;;
38.066;629.7788;63.3096;17.69;13.496;148.0578;22.13;4.9
;;;;;;;
42.5;24.99;30.42;6.38;3.948;8.58;3.29;5.52
;;;;;;;
42.5;24.99;30.42;6.38;3.948;8.58;3.29;5.52
;;;;;;;
42.5;24.99;30.42;6.38;3.948;8.58;3.29;5.52
;;;;;;;
42.5;24.99;30.42;6.38;3.948;8.58;3.29;5.52
;;;;;;;
42.5;24.99;30.42;6.38;3.948;8.58;3.29;5.52
;;;;;;;
42.5;24.99;30.42;6.38;3.948;8.58;3.29;5.52
;;;;;;;
42.5;24.99;30.42;6.38;3.948;8.58;3.29;5.52
;;;;;;;
42.5;24.99;30.42;6.38;3.948;8.58;3.29;5.52
;;;;;;;
42.5;24.99;30.42;6.38;3.948;8.58;3.29;5.52
;;;;;;;
42.5;24.99;30.42;6.38;3.948;8.58;3.29;5.52
;;;;;;;
42.5;24.99;30.42;6.38;3.948;8.58;3.29;5.52
;;;;;;;
42.5;24.99;30.42;6.38;3.948;8.58;3.29;5.52
;;;;;;;
42.5;24.99;30.42;6.38;3.948;8.58;3.29;5.52
;;;;;;;
42.5;24.99;30.42;6.38;3.948;8.58;3.29;5.52
;;;;;;;
42.5;24.99;30.42;6.38;3.948;8.58;3.29;5.52
;;;;;;;
42.5;24.99;30.42;6.38;3.948;8.58;3.29;5.52
;;;;;;;
42.5;24.99;30.42;6.38;3.948;8.58;3.29;5.52
;;;;;;;
42.5;24.99;30.42;6.38;3.948;8.58;3.29;5.52
;;;;;;;
42.5;24.99;30.42;6.38;3.948;8.58;3.29;5.52
;;;;;;;
42.5;24.99;30.42;6.38;3.948;8.58;3.29;5.52
;;;;;;;
42.5;24.99;30.42;6.38;3.948;8.58;3.29;5.52
;;;;;;;
42.5;24.99;30.42;6.38;3.948;8.58;3.29;5.52
;;;;;;;
42.5;24.99;30.42;6.38;3.948;8.58;3.29;5.52
;;;;;;;
42.5;24.99;30.42;6.38;3.948;8.58;3.29;5.52
;;;;;;;
42.5;24.99;30.42;6.38;3.948;8.58;3.29;5.52
;;;;;;;
42.5;24.99;30.42;6.38;3.948;8.58;3.29;5.52
;;;;;;;
42.5;24.99;30.42;6.38;3.948;8.58;3.29;5.52
;;;;;;;
42.5;24.99;30.42;6.38;3.948;8.58;3.29;5.52
;;;;;;;
42.5;24.99;30.42;6.38;3.948;8.58;3.29;5.52
;;;;;;;
42.5;24.99;30.42;6.38;3.948;8.58;3.29;5.52
;;;;;;;
42.5;24.99;30.42;6.38;3.948;8.58;3.29;5.52
;;;;;;;
9;12.005;10.08;3.48;13.716;26.334;6.12;7.2
;;;;;;;
9;12.005;10.08;3.48;13.716;26.334;6.12;7.2
;;;;;;;
9;12.005;10.08;3.48;13.716;26.334;6.12;7.2
;;;;;;;
9;12.005;10.08;3.48;13.716;26.334;6.12;7.2
;;;;;;;
9;12.005;10.08;3.48;13.716;26.334;6.12;7.2
;;;;;;;
9;12.005;10.08;3.48;13.716;26.334;6.12;7.2
;;;;;;;
9;12.005;10.08;3.48;13.716;26.334;6.12;7.2
;;;;;;;
9;12.005;10.08;3.48;13.716;26.334;6.12;7.2
;;;;;;;
9;12.005;10.08;3.48;13.716;26.334;6.12;7.2
;;;;;;;
9;12.005;10.08;3.48;13.716;26.334;6.12;7.2
;;;;;;;
9;12.005;10.08;3.48;13.716;26.334;6.12;7.2
;;;;;;;
9;12.005;10.08;3.48;13.716;26.334;6.12;7.2
;;;;;;;
9;12.005;10.08;3.48;13.716;26.334;6.12;7.2
;;;;;;;
9;12.005;10.08;3.48;13.716;26.334;6.12;7.2
;;;;;;;
9;12.005;10.08;3.48;13.716;26.334;6.12;7.2
;;;;;;;
9;12.005;10.08;3.48;13.716;26.334;6.12;7.2
;;;;;;;
9;12.005;10.08;3.48;13.716;26.334;6.12;7.2
;;;;;;;
9;12.005;10.08;3.48;13.716;26.334;6.12;7.2
;;;;;;;
9;12.005;10.08;3.48;13.716;26.334;6.12;7.2
;;;;;;;
9;12.005;10.08;3.48;13.716;26.334;6.12;7.2
;;;;;;;
9;12.005;10.08;3.48;13.716;26.334;6.12;7.2
;;;;;;;
9;12.005;10.08;3.48;13.716;26.334;6.12;7.2
;;;;;;;
9;12.005;10.08;3.48;13.716;26.334;6.12;7.2
;;;;;;;
9;12.005;10.08;3.48;13.716;26.334;6.12;7.2
;;;;;;;
9;12.005;10.08;3.48;13.716;26.334;6.12;7.2
;;;;;;;
9;12.005;10.08;3.48;13.716;26.334;6.12;7.2
;;;;;;;
9;12.005;10.08;3.48;13.716;26.334;6.12;7.2
;;;;;;;
9;12.005;10.08;3.48;13.716;26.334;6.12;7.2
;;;;;;;
9;12.005;10.08;3.48;13.716;26.334;6.12;7.2
;;;;;;;
9;12.005;10.08;3.48;13.716;26.334;6.12;7.2
;;;;;;;
34.222;23.3534;38.0988;6.38;13.932;16.995;2.91;4.19
;;;;;;;
34.222;23.3534;38.0988;6.38;13.932;16.995;2.91;4.19
;;;;;;;
34.222;23.3534;38.0988;6.38;13.932;16.995;2.91;4.19
;;;;;;;
34.222;23.3534;38.0988;6.38;13.932;16.995;2.91;4.19
;;;;;;;
34.222;23.3534;38.0988;6.38;13.932;16.995;2.91;4.19
;;;;;;;
34.222;23.3534;38.0988;6.38;13.932;16.995;2.91;4.19
;;;;;;;
34.222;23.3534;38.0988;6.38;13.932;16.995;2.91;4.19
;;;;;;;
34.222;23.3534;38.0988;6.38;13.932;16.995;2.91;4.19
;;;;;;;
34.222;23.3534;38.0988;6.38;13.932;16.995;2.91;4.19
;;;;;;;
34.222;23.3534;38.0988;6.38;13.932;16.995;2.91;4.19
;;;;;;;
34.222;23.3534;38.0988;6.38;13.932;16.995;2.91;4.19
;;;;;;;
34.222;23.3534;38.0988;6.38;13.932;16.995;2.91;4.19
;;;;;;;
34.222;23.3534;38.0988;6.38;13.932;16.995;2.91;4.19
;;;;;;;
34.222;23.3534;38.0988;6.38;13.932;16.995;2.91;4.19
;;;;;;;
34.222;23.3534;38.0988;6.38;13.932;16.995;2.91;4.19
;;;;;;;
34.222;23.3534;38.0988;6.38;13.932;16.995;2.91;4.19
;;;;;;;
34.222;23.3534;38.0988;6.38;13.932;16.995;2.91;4.19
;;;;;;;
34.222;23.3534;38.0988;6.38;13.932;16.995;2.91;4.19
;;;;;;;
34.222;23.3534;38.0988;6.38;13.932;16.995;2.91;4.19
;;;;;;;
34.222;23.3534;38.0988;6.38;13.932;16.995;2.91;4.19
;;;;;;;
34.222;23.3534;38.0988;6.38;13.932;16.995;2.91;4.19
;;;;;;;
34.222;23.3534;38.0988;6.38;13.932;16.995;2.91;4.19
;;;;;;;
34.222;23.3534;38.0988;6.38;13.932;16.995;2.91;4.19
;;;;;;;
34.222;23.3534;38.0988;6.38;13.932;16.995;2.91;4.19
;;;;;;;
34.222;23.3534;38.0988;6.38;13.932;16.995;2.91;4.19
;;;;;;;
34.222;23.3534;38.0988;6.38;13.932;16.995;2.91;4.19
;;;;;;;
34.222;23.3534;38.0988;6.38;13.932;16.995;2.91;4.19
;;;;;;;
34.222;23.3534;38.0988;6.38;13.932;16.995;2.91;4.19
;;;;;;;
34.222;23.3534;38.0988;6.38;13.932;16.995;2.91;4.19
;;;;;;;
34.222;23.3534;38.0988;6.38;13.932;16.995;2.91;4.19
;;;;;;;
34.222;23.3534;38.0988;6.38;13.932;16.995;2.91;4.19
;;;;;;;
22.6;28.4592;21.2076;3.944;18.728;21.6348;2.93;4.17
;;;;;;;
22.6;28.4592;21.2076;3.944;18.728;21.6348;2.93;4.17
;;;;;;;
22.6;28.4592;21.2076;3.944;18.728;21.6348;2.93;4.17
;;;;;;;
22.6;28.4592;21.2076;3.944;18.728;21.6348;2.93;4.17
;;;;;;;
22.6;28.4592;21.2076;3.944;18.728;21.6348;2.93;4.17
;;;;;;;
22.6;28.4592;21.2076;3.944;18.728;21.6348;2.93;4.17
;;;;;;;
22.6;28.4592;21.2076;3.944;18.728;21.6348;2.93;4.17
;;;;;;;
22.6;28.4592;21.2076;3.944;18.728;21.6348;2.93;4.17
;;;;;;;
22.6;28.4592;21.2076;3.944;18.728;21.6348;2.93;4.17
;;;;;;;
22.6;28.4592;21.2076;3.944;18.728;21.6348;2.93;4.17
;;;;;;;
22.6;28.4592;21.2076;3.944;18.728;21.6348;2.93;4.17
;;;;;;;
22.6;28.4592;21.2076;3.944;18.728;21.6348;2.93;4.17
;;;;;;;
22.6;28.4592;21.2076;3.944;18.728;21.6348;2.93;4.17
;;;;;;;
22.6;28.4592;21.2076;3.944;18.728;21.6348;2.93;4.17
;;;;;;;
22.6;28.4592;21.2076;3.944;18.728;21.6348;2.93;4.17
;;;;;;;
22.6;28.4592;21.2076;3.944;18.728;21.6348;2.93;4.17
;;;;;;;
22.6;28.4592;21.2076;3.944;18.728;21.6348;2.93;4.17
;;;;;;;
22.6;28.4592;21.2076;3.944;18.728;21.6348;2.93;4.17
;;;;;;;
22.6;28.4592;21.2076;3.944;18.728;21.6348;2.93;4.17
;;;;;;;
22.6;28.4592;21.2076;3.944;18.728;21.6348;2.93;4.17
;;;;;;;
22.6;28.4592;21.2076;3.944;18.728;21.6348;2.93;4.17
;;;;;;;
22.6;28.4592;21.2076;3.944;18.728;21.6348;2.93;4.17
;;;;;;;
22.6;28.4592;21.2076;3.944;18.728;21.6348;2.93;4.17
;;;;;;;
22.6;28.4592;21.2076;3.944;18.728;21.6348;2.93;4.17
;;;;;;;
22.6;28.4592;21.2076;3.944;18.728;21.6348;2.93;4.17
;;;;;;;
22.6;28.4592;21.2076;3.944;18.728;21.6348;2.93;4.17
;;;;;;;
22.6;28.4592;21.2076;3.944;18.728;21.6348;2.93;4.17
;;;;;;;
22.6;28.4592;21.2076;3.944;18.728;21.6348;2.93;4.17
;;;;;;;
22.6;28.4592;21.2076;3.944;18.728;21.6348;2.93;4.17
;;;;;;;
22.6;28.4592;21.2076;3.944;18.728;21.6348;2.93;4.17
;;;;;;;
61;35.2842;40.698;17.4;8.152;34.4586;1.32;4.88
;;;;;;;
61;35.2842;40.698;17.4;8.152;34.4586;2.32;4.88
;;;;;;;
61;35.2842;40.698;17.4;8.152;34.4586;3.32;4.88
;;;;;;;
61;35.2842;40.698;17.4;8.152;34.4586;4.32;4.88
;;;;;;;
61;35.2842;40.698;17.4;8.152;34.4586;5.32;4.88
;;;;;;;
61;35.2842;40.698;17.4;8.152;34.4586;6.32;4.88
;;;;;;;
61;35.2842;40.698;17.4;8.152;34.4586;7.32;4.88
;;;;;;;
61;35.2842;40.698;17.4;8.152;34.4586;8.32;4.88
;;;;;;;
61;35.2842;40.698;17.4;8.152;34.4586;9.32;4.88
;;;;;;;
61;35.2842;40.698;17.4;8.152;34.4586;10.32;4.88
;;;;;;;
61;35.2842;40.698;17.4;8.152;34.4586;11.32;4.88
;;;;;;;
61;35.2842;40.698;17.4;8.152;34.4586;12.32;4.88
;;;;;;;
61;35.2842;40.698;17.4;8.152;34.4586;13.32;4.88
;;;;;;;
61;35.2842;40.698;17.4;8.152;34.4586;14.32;4.88
;;;;;;;
61;35.2842;40.698;17.4;8.152;34.4586;15.32;4.88
;;;;;;;
61;35.2842;40.698;17.4;8.152;34.4586;16.32;4.88
;;;;;;;
61;35.2842;40.698;17.4;8.152;34.4586;17.32;4.88
;;;;;;;
61;35.2842;40.698;17.4;8.152;34.4586;18.32;4.88
;;;;;;;
61;35.2842;40.698;17.4;8.152;34.4586;19.32;4.88
;;;;;;;
61;35.2842;40.698;17.4;8.152;34.4586;20.32;4.88
;;;;;;;
61;35.2842;40.698;17.4;8.152;34.4586;21.32;4.88
;;;;;;;
61;35.2842;40.698;17.4;8.152;34.4586;22.32;4.88
;;;;;;;
61;35.2842;40.698;17.4;8.152;34.4586;23.32;4.88
;;;;;;;
61;35.2842;40.698;17.4;8.152;34.4586;24.32;4.88
;;;;;;;
61;35.2842;40.698;17.4;8.152;34.4586;25.32;4.88
;;;;;;;
61;35.2842;40.698;17.4;8.152;34.4586;26.32;4.88
;;;;;;;
61;35.2842;40.698;17.4;8.152;34.4586;27.32;4.88
;;;;;;;
61;35.2842;40.698;17.4;8.152;34.4586;28.32;4.88
;;;;;;;
61;35.2842;40.698;17.4;8.152;34.4586;29.32;4.88
;;;;;;;
61;35.2842;40.698;17.4;8.152;34.4586;30.32;4.88
;;;;;;;
61;35.2842;40.698;17.4;8.152;34.4586;31.32;4.88
;;;;;;;
39;33.7162;44.46;52.954;21.14;34.4586;2.37;4.88
;;;;;;;
39;33.7162;44.46;52.954;21.14;34.4586;3.37;4.88
;;;;;;;
39;33.7162;44.46;52.954;21.14;34.4586;4.37;4.88
;;;;;;;
39;33.7162;44.46;52.954;21.14;34.4586;5.37;4.88
;;;;;;;
39;33.7162;44.46;52.954;21.14;34.4586;6.37;4.88
;;;;;;;
39;33.7162;44.46;52.954;21.14;34.4586;7.37;4.88
;;;;;;;
39;33.7162;44.46;52.954;21.14;34.4586;8.37;4.88
;;;;;;;
39;33.7162;44.46;52.954;21.14;34.4586;9.37;4.88
;;;;;;;
39;33.7162;44.46;52.954;21.14;34.4586;10.37;4.88
;;;;;;;
39;33.7162;44.46;52.954;21.14;34.4586;11.37;4.88
;;;;;;;
39;33.7162;44.46;52.954;21.14;34.4586;12.37;4.88
;;;;;;;
39;33.7162;44.46;52.954;21.14;34.4586;13.37;4.88
;;;;;;;
39;33.7162;44.46;52.954;21.14;34.4586;14.37;4.88
;;;;;;;
39;33.7162;44.46;52.954;21.14;34.4586;15.37;4.88
;;;;;;;
39;33.7162;44.46;52.954;21.14;34.4586;16.37;4.88
;;;;;;;
39;33.7162;44.46;52.954;21.14;34.4586;17.37;4.88
;;;;;;;
39;33.7162;44.46;52.954;21.14;34.4586;18.37;4.88
;;;;;;;
39;33.7162;44.46;52.954;21.14;34.4586;19.37;4.88
;;;;;;;
39;33.7162;44.46;52.954;21.14;34.4586;20.37;4.88
;;;;;;;
39;33.7162;44.46;52.954;21.14;34.4586;21.37;4.88
;;;;;;;
39;33.7162;44.46;52.954;21.14;34.4586;22.37;4.88
;;;;;;;
39;33.7162;44.46;52.954;21.14;34.4586;23.37;4.88
;;;;;;;
39;33.7162;44.46;52.954;21.14;34.4586;24.37;4.88
;;;;;;;
39;33.7162;44.46;52.954;21.14;34.4586;25.37;4.88
;;;;;;;
39;33.7162;44.46;52.954;21.14;34.4586;26.37;4.88
;;;;;;;
39;33.7162;44.46;52.954;21.14;34.4586;27.37;4.88
;;;;;;;
39;33.7162;44.46;52.954;21.14;34.4586;28.37;4.88
;;;;;;;
39;33.7162;44.46;52.954;21.14;34.4586;29.37;4.88
;;;;;;;
39;33.7162;44.46;52.954;21.14;34.4586;30.37;4.88
;;;;;;;
39;33.7162;44.46;52.954;21.14;34.4586;31.37;4.88
;;;;;;;
39;33.7162;44.46;52.954;21.14;34.4586;32.37;4.88
;;;;;;;
30.93;19.2696;21.726;12.702;6.924;19.701;2.93;4.41
;;;;;;;
30.93;19.2696;21.726;12.702;6.924;19.701;2.93;4.41
;;;;;;;
30.93;19.2696;21.726;12.702;6.924;19.701;2.93;4.41
;;;;;;;
30.93;19.2696;21.726;12.702;6.924;19.701;2.93;4.41
;;;;;;;
30.93;19.2696;21.726;12.702;6.924;19.701;2.93;4.41
;;;;;;;
30.93;19.2696;21.726;12.702;6.924;19.701;2.93;4.41
;;;;;;;
30.93;19.2696;21.726;12.702;6.924;19.701;2.93;4.41
;;;;;;;
30.93;19.2696;21.726;12.702;6.924;19.701;2.93;4.41
;;;;;;;
30.93;19.2696;21.726;12.702;6.924;19.701;2.93;4.41
;;;;;;;
30.93;19.2696;21.726;12.702;6.924;19.701;2.93;4.41
;;;;;;;
30.93;19.2696;21.726;12.702;6.924;19.701;2.93;4.41
;;;;;;;
30.93;19.2696;21.726;12.702;6.924;19.701;2.93;4.41
;;;;;;;
30.93;19.2696;21.726;12.702;6.924;19.701;2.93;4.41
;;;;;;;
30.93;19.2696;21.726;12.702;6.924;19.701;2.93;4.41
;;;;;;;
30.93;19.2696;21.726;12.702;6.924;19.701;2.93;4.41
;;;;;;;
30.93;19.2696;21.726;12.702;6.924;19.701;2.93;4.41
;;;;;;;
30.93;19.2696;21.726;12.702;6.924;19.701;2.93;4.41
;;;;;;;
30.93;19.2696;21.726;12.702;6.924;19.701;2.93;4.41
;;;;;;;
30.93;19.2696;21.726;12.702;6.924;19.701;2.93;4.41
;;;;;;;
30.93;19.2696;21.726;12.702;6.924;19.701;2.93;4.41
;;;;;;;
30.93;19.2696;21.726;12.702;6.924;19.701;2.93;4.41
;;;;;;;
30.93;19.2696;21.726;12.702;6.924;19.701;2.93;4.41
;;;;;;;
30.93;19.2696;21.726;12.702;6.924;19.701;2.93;4.41
;;;;;;;
30.93;19.2696;21.726;12.702;6.924;19.701;2.93;4.41
;;;;;;;
30.93;19.2696;21.726;12.702;6.924;19.701;2.93;4.41
;;;;;;;
30.93;19.2696;21.726;12.702;6.924;19.701;2.93;4.41
;;;;;;;
30.93;19.2696;21.726;12.702;6.924;19.701;2.93;4.41
;;;;;;;
30.93;19.2696;21.726;12.702;6.924;19.701;2.93;4.41
;;;;;;;
30.93;19.2696;21.726;12.702;6.924;19.701;2.93;4.41
;;;;;;;
30.93;19.2696;21.726;12.702;6.924;19.701;2.93;4.41
;;;;;;;
44.75;29.6828;41.7564;4.64;9.348;18.084;3.15;3.14
;;;;;;;
44.75;29.6828;41.7564;4.64;9.348;18.084;3.15;3.14
;;;;;;;
44.75;29.6828;41.7564;4.64;9.348;18.084;3.15;3.14
;;;;;;;
44.75;29.6828;41.7564;4.64;9.348;18.084;3.15;3.14
;;;;;;;
44.75;29.6828;41.7564;4.64;9.348;18.084;3.15;3.14
;;;;;;;
44.75;29.6828;41.7564;4.64;9.348;18.084;3.15;3.14
;;;;;;;
44.75;29.6828;41.7564;4.64;9.348;18.084;3.15;3.14
;;;;;;;
44.75;29.6828;41.7564;4.64;9.348;18.084;3.15;3.14
;;;;;;;
44.75;29.6828;41.7564;4.64;9.348;18.084;3.15;3.14
;;;;;;;
44.75;29.6828;41.7564;4.64;9.348;18.084;3.15;3.14
;;;;;;;
44.75;29.6828;41.7564;4.64;9.348;18.084;3.15;3.14
;;;;;;;
44.75;29.6828;41.7564;4.64;9.348;18.084;3.15;3.14
;;;;;;;
44.75;29.6828;41.7564;4.64;9.348;18.084;3.15;3.14
;;;;;;;
44.75;29.6828;41.7564;4.64;9.348;18.084;3.15;3.14
;;;;;;;
44.75;29.6828;41.7564;4.64;9.348;18.084;3.15;3.14
;;;;;;;
44.75;29.6828;41.7564;4.64;9.348;18.084;3.15;3.14
;;;;;;;
44.75;29.6828;41.7564;4.64;9.348;18.084;3.15;3.14
;;;;;;;
44.75;29.6828;41.7564;4.64;9.348;18.084;3.15;3.14
;;;;;;;
44.75;29.6828;41.7564;4.64;9.348;18.084;3.15;3.14
;;;;;;;
44.75;29.6828;41.7564;4.64;9.348;18.084;3.15;3.14
;;;;;;;
44.75;29.6828;41.7564;4.64;9.348;18.084;3.15;3.14
;;;;;;;
44.75;29.6828;41.7564;4.64;9.348;18.084;3.15;3.14
;;;;;;;
44.75;29.6828;41.7564;4.64;9.348;18.084;3.15;3.14
;;;;;;;
44.75;29.6828;41.7564;4.64;9.348;18.084;3.15;3.14
;;;;;;;
44.75;29.6828;41.7564;4.64;9.348;18.084;3.15;3.14
;;;;;;;
44.75;29.6828;41.7564;4.64;9.348;18.084;3.15;3.14
;;;;;;;
44.75;29.6828;41.7564;4.64;9.348;18.084;3.15;3.14
;;;;;;;
44.75;29.6828;41.7564;4.64;9.348;18.084;3.15;3.14
;;;;;;;
44.75;29.6828;41.7564;4.64;9.348;18.084;3.15;3.14
;;;;;;;
44.75;29.6828;41.7564;4.64;9.348;18.084;3.15;3.14
;;;;;;;
44.75;29.6828;41.7564;4.64;9.348;18.084;3.15;3.14
;;;;;;;
10;10.0828;8.64;16.82;13.036;34.4586;0.86;4.88
;;;;;;;
10;10.0828;8.64;16.82;13.036;34.4586;1.86;4.88
;;;;;;;
10;10.0828;8.64;16.82;13.036;34.4586;2.86;4.88
;;;;;;;
10;10.0828;8.64;16.82;13.036;34.4586;3.86;4.88
;;;;;;;
10;10.0828;8.64;16.82;13.036;34.4586;4.86;4.88
;;;;;;;
10;10.0828;8.64;16.82;13.036;34.4586;5.86;4.88
;;;;;;;
10;10.0828;8.64;16.82;13.036;34.4586;6.86;4.88
;;;;;;;
10;10.0828;8.64;16.82;13.036;34.4586;7.86;4.88
;;;;;;;
10;10.0828;8.64;16.82;13.036;34.4586;8.86;4.88
;;;;;;;
10;10.0828;8.64;16.82;13.036;34.4586;9.86;4.88
;;;;;;;
10;10.0828;8.64;16.82;13.036;34.4586;10.86;4.88
;;;;;;;
10;10.0828;8.64;16.82;13.036;34.4586;11.86;4.88
;;;;;;;
10;10.0828;8.64;16.82;13.036;34.4586;12.86;4.88
;;;;;;;
10;10.0828;8.64;16.82;13.036;34.4586;13.86;4.88
;;;;;;;
10;10.0828;8.64;16.82;13.036;34.4586;14.86;4.88
;;;;;;;
10;10.0828;8.64;16.82;13.036;34.4586;15.86;4.88
;;;;;;;
10;10.0828;8.64;16.82;13.036;34.4586;16.86;4.88
;;;;;;;
10;10.0828;8.64;16.82;13.036;34.4586;17.86;4.88
;;;;;;;
10;10.0828;8.64;16.82;13.036;34.4586;18.86;4.88
;;;;;;;
10;10.0828;8.64;16.82;13.036;34.4586;19.86;4.88
;;;;;;;
10;10.0828;8.64;16.82;13.036;34.4586;20.86;4.88
;;;;;;;
10;10.0828;8.64;16.82;13.036;34.4586;21.86;4.88
;;;;;;;
10;10.0828;8.64;16.82;13.036;34.4586;22.86;4.88
;;;;;;;
10;10.0828;8.64;16.82;13.036;34.4586;23.86;4.88
;;;;;;;
10;10.0828;8.64;16.82;13.036;34.4586;24.86;4.88
;;;;;;;
10;10.0828;8.64;16.82;13.036;34.4586;25.86;4.88
;;;;;;;
10;10.0828;8.64;16.82;13.036;34.4586;26.86;4.88
;;;;;;;
10;10.0828;8.64;16.82;13.036;34.4586;27.86;4.88
;;;;;;;
10;10.0828;8.64;16.82;13.036;34.4586;28.86;4.88
;;;;;;;
10;10.0828;8.64;16.82;13.036;34.4586;29.86;4.88
;;;;;;;
29;27.8908;16.4448;9.28;18.84;27.918;2.99;5.64
;;;;;;;
29;27.8908;16.4448;9.28;18.84;27.918;2.99;5.64
;;;;;;;
29;27.8908;16.4448;9.28;18.84;27.918;2.99;5.64
;;;;;;;
29;27.8908;16.4448;9.28;18.84;27.918;2.99;5.64
;;;;;;;
29;27.8908;16.4448;9.28;18.84;27.918;2.99;5.64
;;;;;;;
29;27.8908;16.4448;9.28;18.84;27.918;2.99;5.64
;;;;;;;
29;27.8908;16.4448;9.28;18.84;27.918;2.99;5.64
;;;;;;;
29;27.8908;16.4448;9.28;18.84;27.918;2.99;5.64
;;;;;;;
29;27.8908;16.4448;9.28;18.84;27.918;2.99;5.64
;;;;;;;
29;27.8908;16.4448;9.28;18.84;27.918;2.99;5.64
;;;;;;;
29;27.8908;16.4448;9.28;18.84;27.918;2.99;5.64
;;;;;;;
29;27.8908;16.4448;9.28;18.84;27.918;2.99;5.64
;;;;;;;
29;27.8908;16.4448;9.28;18.84;27.918;2.99;5.64
;;;;;;;
29;27.8908;16.4448;9.28;18.84;27.918;2.99;5.64
;;;;;;;
29;27.8908;16.4448;9.28;18.84;27.918;2.99;5.64
;;;;;;;
29;27.8908;16.4448;9.28;18.84;27.918;2.99;5.64
;;;;;;;
29;27.8908;16.4448;9.28;18.84;27.918;2.99;5.64
;;;;;;;
29;27.8908;16.4448;9.28;18.84;27.918;2.99;5.64
;;;;;;;
29;27.8908;16.4448;9.28;18.84;27.918;2.99;5.64
;;;;;;;
29;27.8908;16.4448;9.28;18.84;27.918;2.99;5.64
;;;;;;;
29;27.8908;16.4448;9.28;18.84;27.918;2.99;5.64
;;;;;;;
29;27.8908;16.4448;9.28;18.84;27.918;2.99;5.64
;;;;;;;
29;27.8908;16.4448;9.28;18.84;27.918;2.99;5.64
;;;;;;;
29;27.8908;16.4448;9.28;18.84;27.918;2.99;5.64
;;;;;;;
29;27.8908;16.4448;9.28;18.84;27.918;2.99;5.64
;;;;;;;
29;27.8908;16.4448;9.28;18.84;27.918;2.99;5.64
;;;;;;;
29;27.8908;16.4448;9.28;18.84;27.918;2.99;5.64
;;;;;;;
29;27.8908;16.4448;9.28;18.84;27.918;2.99;5.64
;;;;;;;
29;27.8908;16.4448;9.28;18.84;27.918;2.99;5.64
;;;;;;;
29;27.8908;16.4448;9.28;18.84;27.918;2.99;5.64
;;;;;;;
29;27.8908;16.4448;9.28;18.84;27.918;2.99;5.64
