Date;TSS;BOD;COD;NO3-N;Nitrates;NH4-N;TN;PO4-P;TP
01/01/2021;45;32.02333333;108.0076994;0.7;4.336666667;36;28;3.504328898;4.47
02/01/2021;45;32.02333333;108.0076994;0.7;4.336666667;36;28;3.504328898;4.47
03/01/2021;45;32.02333333;108.0076994;0.7;4.336666667;36;28;3.504328898;4.47
04/01/2021;45;32.02333333;108.0076994;0.7;4.336666667;36;28;3.504328898;4.47
05/01/2021;45;32.02333333;108.0076994;0.7;4.336666667;36;28;3.504328898;4.47
06/01/2021;45;32.02333333;108.0076994;0.7;4.336666667;36;28;3.504328898;4.47
07/01/2021;45;32.02333333;108.0076994;0.7;4.336666667;36;28;3.504328898;4.47
08/01/2021;45;32.02333333;108.0076994;0.7;4.336666667;36;28;3.504328898;4.47
09/01/2021;45;32.02333333;108.0076994;0.7;4.336666667;36;28;3.504328898;4.47
10/01/2021;45;32.02333333;108.0076994;0.7;4.336666667;36;28;3.504328898;4.47
11/01/2021;45;32.02333333;108.0076994;0.7;4.336666667;36;28;3.504328898;4.47
12/01/2021;45;32.02333333;108.0076994;0.7;4.336666667;36;28;3.504328898;4.47
13/01/2021;45;32.02333333;108.0076994;0.7;4.336666667;36;28;3.504328898;4.47
14/01/2021;45;32.02333333;108.0076994;0.7;4.336666667;36;28;3.504328898;4.47
15/01/2021;45;32.02333333;108.0076994;0.7;4.336666667;36;28;3.504328898;4.47
16/01/2021;45;32.02333333;108.0076994;0.7;4.336666667;36;28;3.504328898;4.47
17/01/2021;45;32.02333333;108.0076994;0.7;4.336666667;36;28;3.504328898;4.47
18/01/2021;45;32.02333333;108.0076994;0.7;4.336666667;36;28;3.504328898;4.47
19/01/2021;45;32.02333333;108.0076994;0.7;4.336666667;36;28;3.504328898;4.47
20/01/2021;45;32.02333333;108.0076994;0.7;4.336666667;36;28;3.504328898;4.47
21/01/2021;45;32.02333333;108.0076994;0.7;4.336666667;36;28;3.504328898;4.47
22/01/2021;45;32.02333333;108.0076994;0.7;4.336666667;36;28;3.504328898;4.47
23/01/2021;45;32.02333333;108.0076994;0.7;4.336666667;36;28;3.504328898;4.47
24/01/2021;45;32.02333333;108.0076994;0.7;4.336666667;36;28;3.504328898;4.47
25/01/2021;45;32.02333333;108.0076994;0.7;4.336666667;36;28;3.504328898;4.47
26/01/2021;45;32.02333333;108.0076994;0.7;4.336666667;36;28;3.504328898;4.47
27/01/2021;45;32.02333333;108.0076994;0.7;4.336666667;36;28;3.504328898;4.47
28/01/2021;45;32.02333333;108.0076994;0.7;4.336666667;36;28;3.504328898;4.47
29/01/2021;45;32.02333333;108.0076994;0.7;4.336666667;36;28;3.504328898;4.47
30/01/2021;45;32.02333333;108.0076994;0.7;4.336666667;36;28;3.504328898;4.47
31/01/2021;45;32.02333333;108.0076994;0.7;4.336666667;36;28;3.504328898;4.47
01/02/2021;24.16666667;31.95888889;105.6666667;3.25;10.82333333;13.39433333;19.45;10.31107689;23.51325
02/02/2021;24.16666667;31.95888889;105.6666667;3.25;10.82333333;13.39433333;19.45;10.31107689;23.51325
03/02/2021;24.16666667;31.95888889;105.6666667;3.25;10.82333333;13.39433333;19.45;10.31107689;23.51325
04/02/2021;24.16666667;31.95888889;105.6666667;3.25;10.82333333;13.39433333;19.45;10.31107689;23.51325
05/02/2021;24.16666667;31.95888889;105.6666667;3.25;10.82333333;13.39433333;19.45;10.31107689;23.51325
06/02/2021;24.16666667;31.95888889;105.6666667;3.25;10.82333333;13.39433333;19.45;10.31107689;23.51325
07/02/2021;24.16666667;31.95888889;105.6666667;3.25;10.82333333;13.39433333;19.45;10.31107689;23.51325
08/02/2021;24.16666667;31.95888889;105.6666667;3.25;10.82333333;13.39433333;19.45;10.31107689;23.51325
09/02/2021;24.16666667;31.95888889;105.6666667;3.25;10.82333333;13.39433333;19.45;10.31107689;23.51325
10/02/2021;24.16666667;31.95888889;105.6666667;3.25;10.82333333;13.39433333;19.45;10.31107689;23.51325
11/02/2021;24.16666667;31.95888889;105.6666667;3.25;10.82333333;13.39433333;19.45;10.31107689;23.51325
12/02/2021;24.16666667;31.95888889;105.6666667;3.25;10.82333333;13.39433333;19.45;10.31107689;23.51325
13/02/2021;24.16666667;31.95888889;105.6666667;3.25;10.82333333;13.39433333;19.45;10.31107689;23.51325
14/02/2021;24.16666667;31.95888889;105.6666667;3.25;10.82333333;13.39433333;19.45;10.31107689;23.51325
15/02/2021;24.16666667;31.95888889;105.6666667;3.25;10.82333333;13.39433333;19.45;10.31107689;23.51325
16/02/2021;24.16666667;31.95888889;105.6666667;3.25;10.82333333;13.39433333;19.45;10.31107689;23.51325
17/02/2021;24.16666667;31.95888889;105.6666667;3.25;10.82333333;13.39433333;19.45;10.31107689;23.51325
18/02/2021;24.16666667;31.95888889;105.6666667;3.25;10.82333333;13.39433333;19.45;10.31107689;23.51325
19/02/2021;24.16666667;31.95888889;105.6666667;3.25;10.82333333;13.39433333;19.45;10.31107689;23.51325
20/02/2021;24.16666667;31.95888889;105.6666667;3.25;10.82333333;13.39433333;19.45;10.31107689;23.51325
21/02/2021;24.16666667;31.95888889;105.6666667;3.25;10.82333333;13.39433333;19.45;10.31107689;23.51325
22/02/2021;24.16666667;31.95888889;105.6666667;3.25;10.82333333;13.39433333;19.45;10.31107689;23.51325
23/02/2021;24.16666667;31.95888889;105.6666667;3.25;10.82333333;13.39433333;19.45;10.31107689;23.51325
24/02/2021;24.16666667;31.95888889;105.6666667;3.25;10.82333333;13.39433333;19.45;10.31107689;23.51325
25/02/2021;24.16666667;31.95888889;105.6666667;3.25;10.82333333;13.39433333;19.45;10.31107689;23.51325
26/02/2021;24.16666667;31.95888889;105.6666667;3.25;10.82333333;13.39433333;19.45;10.31107689;23.51325
27/02/2021;24.16666667;31.95888889;105.6666667;3.25;10.82333333;13.39433333;19.45;10.31107689;23.51325
28/02/2021;24.16666667;31.95888889;105.6666667;3.25;10.82333333;13.39433333;19.45;10.31107689;23.51325
01/03/2021;30;32.65;101.5;5.4;13.64;6.94;5.7;3.214908822;2.98
02/03/2021;30;32.65;101.5;5.4;13.64;6.94;5.7;3.214908822;2.98
03/03/2021;30;32.65;101.5;5.4;13.64;6.94;5.7;3.214908822;2.98
04/03/2021;30;32.65;101.5;5.4;13.64;6.94;5.7;3.214908822;2.98
05/03/2021;30;32.65;101.5;5.4;13.64;6.94;5.7;3.214908822;2.98
06/03/2021;30;32.65;101.5;5.4;13.64;6.94;5.7;3.214908822;2.98
07/03/2021;30;32.65;101.5;5.4;13.64;6.94;5.7;3.214908822;2.98
08/03/2021;30;32.65;101.5;5.4;13.64;6.94;5.7;3.214908822;2.98
09/03/2021;30;32.65;101.5;5.4;13.64;6.94;5.7;3.214908822;2.98
10/03/2021;30;32.65;101.5;5.4;13.64;6.94;5.7;3.214908822;2.98
11/03/2021;30;32.65;101.5;5.4;13.64;6.94;5.7;3.214908822;2.98
12/03/2021;30;32.65;101.5;5.4;13.64;6.94;5.7;3.214908822;2.98
13/03/2021;30;32.65;101.5;5.4;13.64;6.94;5.7;3.214908822;2.98
14/03/2021;30;32.65;101.5;5.4;13.64;6.94;5.7;3.214908822;2.98
15/03/2021;30;32.65;101.5;5.4;13.64;6.94;5.7;3.214908822;2.98
16/03/2021;30;32.65;101.5;5.4;13.64;6.94;5.7;3.214908822;2.98
17/03/2021;30;32.65;101.5;5.4;13.64;6.94;5.7;3.214908822;2.98
18/03/2021;30;32.65;101.5;5.4;13.64;6.94;5.7;3.214908822;2.98
19/03/2021;30;32.65;101.5;5.4;13.64;6.94;5.7;3.214908822;2.98
20/03/2021;30;32.65;101.5;5.4;13.64;6.94;5.7;3.214908822;2.98
21/03/2021;30;32.65;101.5;5.4;13.64;6.94;5.7;3.214908822;2.98
22/03/2021;30;32.65;101.5;5.4;13.64;6.94;5.7;3.214908822;2.98
23/03/2021;30;32.65;101.5;5.4;13.64;6.94;5.7;3.214908822;2.98
24/03/2021;30;32.65;101.5;5.4;13.64;6.94;5.7;3.214908822;2.98
25/03/2021;30;32.65;101.5;5.4;13.64;6.94;5.7;3.214908822;2.98
26/03/2021;30;32.65;101.5;5.4;13.64;6.94;5.7;3.214908822;2.98
27/03/2021;30;32.65;101.5;5.4;13.64;6.94;5.7;3.214908822;2.98
28/03/2021;30;32.65;101.5;5.4;13.64;6.94;5.7;3.214908822;2.98
29/03/2021;30;32.65;101.5;5.4;13.64;6.94;5.7;3.214908822;2.98
30/03/2021;30;32.65;101.5;5.4;13.64;6.94;5.7;3.214908822;2.98
31/03/2021;30;32.65;101.5;5.4;13.64;6.94;5.7;3.214908822;2.98
01/04/2021;35;15.25;56.75;3.2;11.22;21.63;13.4;1.314896282;0.7
02/04/2021;35;15.25;56.75;3.2;11.22;21.63;13.4;1.314896282;0.7
03/04/2021;35;15.25;56.75;3.2;11.22;21.63;13.4;1.314896282;0.7
04/04/2021;35;15.25;56.75;3.2;11.22;21.63;13.4;1.314896282;0.7
05/04/2021;35;15.25;56.75;3.2;11.22;21.63;13.4;1.314896282;0.7
06/04/2021;35;15.25;56.75;3.2;11.22;21.63;13.4;1.314896282;0.7
07/04/2021;35;15.25;56.75;3.2;11.22;21.63;13.4;1.314896282;0.7
08/04/2021;35;15.25;56.75;3.2;11.22;21.63;13.4;1.314896282;0.7
09/04/2021;35;15.25;56.75;3.2;11.22;21.63;13.4;1.314896282;0.7
10/04/2021;35;15.25;56.75;3.2;11.22;21.63;13.4;1.314896282;0.7
11/04/2021;35;15.25;56.75;3.2;11.22;21.63;13.4;1.314896282;0.7
12/04/2021;35;15.25;56.75;3.2;11.22;21.63;13.4;1.314896282;0.7
13/04/2021;35;15.25;56.75;3.2;11.22;21.63;13.4;1.314896282;0.7
14/04/2021;35;15.25;56.75;3.2;11.22;21.63;13.4;1.314896282;0.7
15/04/2021;35;15.25;56.75;3.2;11.22;21.63;13.4;1.314896282;0.7
16/04/2021;35;15.25;56.75;3.2;11.22;21.63;13.4;1.314896282;0.7
17/04/2021;35;15.25;56.75;3.2;11.22;21.63;13.4;1.314896282;0.7
18/04/2021;35;15.25;56.75;3.2;11.22;21.63;13.4;1.314896282;0.7
19/04/2021;35;15.25;56.75;3.2;11.22;21.63;13.4;1.314896282;0.7
20/04/2021;35;15.25;56.75;3.2;11.22;21.63;13.4;1.314896282;0.7
21/04/2021;35;15.25;56.75;3.2;11.22;21.63;13.4;1.314896282;0.7
22/04/2021;35;15.25;56.75;3.2;11.22;21.63;13.4;1.314896282;0.7
23/04/2021;35;15.25;56.75;3.2;11.22;21.63;13.4;1.314896282;0.7
24/04/2021;35;15.25;56.75;3.2;11.22;21.63;13.4;1.314896282;0.7
25/04/2021;35;15.25;56.75;3.2;11.22;21.63;13.4;1.314896282;0.7
26/04/2021;35;15.25;56.75;3.2;11.22;21.63;13.4;1.314896282;0.7
27/04/2021;35;15.25;56.75;3.2;11.22;21.63;13.4;1.314896282;0.7
28/04/2021;35;15.25;56.75;3.2;11.22;21.63;13.4;1.314896282;0.7
29/04/2021;35;15.25;56.75;3.2;11.22;21.63;13.4;1.314896282;0.7
30/04/2021;35;15.25;56.75;3.2;11.22;21.63;13.4;1.314896282;0.7
01/05/2021;46.11111111;23.47777778;71.97070292;8.5;16.96444444;12.25366667;8.166666667;1.493246894;3.43
02/05/2021;46.11111111;23.47777778;71.97070292;8.5;16.96444444;12.25366667;8.166666667;1.493246894;3.43
03/05/2021;46.11111111;23.47777778;71.97070292;8.5;16.96444444;12.25366667;8.166666667;1.493246894;3.43
04/05/2021;46.11111111;23.47777778;71.97070292;8.5;16.96444444;12.25366667;8.166666667;1.493246894;3.43
05/05/2021;46.11111111;23.47777778;71.97070292;8.5;16.96444444;12.25366667;8.166666667;1.493246894;3.43
06/05/2021;46.11111111;23.47777778;71.97070292;8.5;16.96444444;12.25366667;8.166666667;1.493246894;3.43
07/05/2021;46.11111111;23.47777778;71.97070292;8.5;16.96444444;12.25366667;8.166666667;1.493246894;3.43
08/05/2021;46.11111111;23.47777778;71.97070292;8.5;16.96444444;12.25366667;8.166666667;1.493246894;3.43
09/05/2021;46.11111111;23.47777778;71.97070292;8.5;16.96444444;12.25366667;8.166666667;1.493246894;3.43
10/05/2021;46.11111111;23.47777778;71.97070292;8.5;16.96444444;12.25366667;8.166666667;1.493246894;3.43
11/05/2021;46.11111111;23.47777778;71.97070292;8.5;16.96444444;12.25366667;8.166666667;1.493246894;3.43
12/05/2021;46.11111111;23.47777778;71.97070292;8.5;16.96444444;12.25366667;8.166666667;1.493246894;3.43
13/05/2021;46.11111111;23.47777778;71.97070292;8.5;16.96444444;12.25366667;8.166666667;1.493246894;3.43
14/05/2021;46.11111111;23.47777778;71.97070292;8.5;16.96444444;12.25366667;8.166666667;1.493246894;3.43
15/05/2021;46.11111111;23.47777778;71.97070292;8.5;16.96444444;12.25366667;8.166666667;1.493246894;3.43
16/05/2021;46.11111111;23.47777778;71.97070292;8.5;16.96444444;12.25366667;8.166666667;1.493246894;3.43
17/05/2021;46.11111111;23.47777778;71.97070292;8.5;16.96444444;12.25366667;8.166666667;1.493246894;3.43
18/05/2021;46.11111111;23.47777778;71.97070292;8.5;16.96444444;12.25366667;8.166666667;1.493246894;3.43
19/05/2021;46.11111111;23.47777778;71.97070292;8.5;16.96444444;12.25366667;8.166666667;1.493246894;3.43
20/05/2021;46.11111111;23.47777778;71.97070292;8.5;16.96444444;12.25366667;8.166666667;1.493246894;3.43
21/05/2021;46.11111111;23.47777778;71.97070292;8.5;16.96444444;12.25366667;8.166666667;1.493246894;3.43
22/05/2021;46.11111111;23.47777778;71.97070292;8.5;16.96444444;12.25366667;8.166666667;1.493246894;3.43
23/05/2021;46.11111111;23.47777778;71.97070292;8.5;16.96444444;12.25366667;8.166666667;1.493246894;3.43
24/05/2021;46.11111111;23.47777778;71.97070292;8.5;16.96444444;12.25366667;8.166666667;1.493246894;3.43
25/05/2021;46.11111111;23.47777778;71.97070292;8.5;16.96444444;12.25366667;8.166666667;1.493246894;3.43
26/05/2021;46.11111111;23.47777778;71.97070292;8.5;16.96444444;12.25366667;8.166666667;1.493246894;3.43
27/05/2021;46.11111111;23.47777778;71.97070292;8.5;16.96444444;12.25366667;8.166666667;1.493246894;3.43
28/05/2021;46.11111111;23.47777778;71.97070292;8.5;16.96444444;12.25366667;8.166666667;1.493246894;3.43
29/05/2021;46.11111111;23.47777778;71.97070292;8.5;16.96444444;12.25366667;8.166666667;1.493246894;3.43
30/05/2021;46.11111111;23.47777778;71.97070292;8.5;16.96444444;12.25366667;8.166666667;1.493246894;3.43
31/05/2021;46.11111111;23.47777778;71.97070292;8.5;16.96444444;12.25366667;8.166666667;1.493246894;3.43
01/06/2021;36.33333333;11.475;63.80929884;2.683333333;16.03533333;17.69911111;9.8;1.281069682;1.401666667
02/06/2021;36.33333333;11.475;63.80929884;2.683333333;16.03533333;17.69911111;9.8;1.281069682;1.401666667
03/06/2021;36.33333333;11.475;63.80929884;2.683333333;16.03533333;17.69911111;9.8;1.281069682;1.401666667
04/06/2021;36.33333333;11.475;63.80929884;2.683333333;16.03533333;17.69911111;9.8;1.281069682;1.401666667
05/06/2021;36.33333333;11.475;63.80929884;2.683333333;16.03533333;17.69911111;9.8;1.281069682;1.401666667
06/06/2021;36.33333333;11.475;63.80929884;2.683333333;16.03533333;17.69911111;9.8;1.281069682;1.401666667
07/06/2021;36.33333333;11.475;63.80929884;2.683333333;16.03533333;17.69911111;9.8;1.281069682;1.401666667
08/06/2021;36.33333333;11.475;63.80929884;2.683333333;16.03533333;17.69911111;9.8;1.281069682;1.401666667
09/06/2021;36.33333333;11.475;63.80929884;2.683333333;16.03533333;17.69911111;9.8;1.281069682;1.401666667
10/06/2021;36.33333333;11.475;63.80929884;2.683333333;16.03533333;17.69911111;9.8;1.281069682;1.401666667
11/06/2021;36.33333333;11.475;63.80929884;2.683333333;16.03533333;17.69911111;9.8;1.281069682;1.401666667
12/06/2021;36.33333333;11.475;63.80929884;2.683333333;16.03533333;17.69911111;9.8;1.281069682;1.401666667
13/06/2021;36.33333333;11.475;63.80929884;2.683333333;16.03533333;17.69911111;9.8;1.281069682;1.401666667
14/06/2021;36.33333333;11.475;63.80929884;2.683333333;16.03533333;17.69911111;9.8;1.281069682;1.401666667
15/06/2021;36.33333333;11.475;63.80929884;2.683333333;16.03533333;17.69911111;9.8;1.281069682;1.401666667
16/06/2021;36.33333333;11.475;63.80929884;2.683333333;16.03533333;17.69911111;9.8;1.281069682;1.401666667
17/06/2021;36.33333333;11.475;63.80929884;2.683333333;16.03533333;17.69911111;9.8;1.281069682;1.401666667
18/06/2021;36.33333333;11.475;63.80929884;2.683333333;16.03533333;17.69911111;9.8;1.281069682;1.401666667
19/06/2021;36.33333333;11.475;63.80929884;2.683333333;16.03533333;17.69911111;9.8;1.281069682;1.401666667
20/06/2021;36.33333333;11.475;63.80929884;2.683333333;16.03533333;17.69911111;9.8;1.281069682;1.401666667
21/06/2021;36.33333333;11.475;63.80929884;2.683333333;16.03533333;17.69911111;9.8;1.281069682;1.401666667
22/06/2021;36.33333333;11.475;63.80929884;2.683333333;16.03533333;17.69911111;9.8;1.281069682;1.401666667
23/06/2021;36.33333333;11.475;63.80929884;2.683333333;16.03533333;17.69911111;9.8;1.281069682;1.401666667
24/06/2021;36.33333333;11.475;63.80929884;2.683333333;16.03533333;17.69911111;9.8;1.281069682;1.401666667
25/06/2021;36.33333333;11.475;63.80929884;2.683333333;16.03533333;17.69911111;9.8;1.281069682;1.401666667
26/06/2021;36.33333333;11.475;63.80929884;2.683333333;16.03533333;17.69911111;9.8;1.281069682;1.401666667
27/06/2021;36.33333333;11.475;63.80929884;2.683333333;16.03533333;17.69911111;9.8;1.281069682;1.401666667
28/06/2021;36.33333333;11.475;63.80929884;2.683333333;16.03533333;17.69911111;9.8;1.281069682;1.401666667
29/06/2021;36.33333333;11.475;63.80929884;2.683333333;16.03533333;17.69911111;9.8;1.281069682;1.401666667
30/06/2021;36.33333333;11.475;63.80929884;2.683333333;16.03533333;17.69911111;9.8;1.281069682;1.401666667
01/07/2021;25;18;70.60217615;N/A;12.98;16.912;N/A;0.375856633;N/A
02/07/2021;25;18;70.60217615;N/A;12.98;16.912;N/A;1.375856633;N/A
03/07/2021;25;18;70.60217615;N/A;12.98;16.912;N/A;2.375856633;N/A
04/07/2021;25;18;70.60217615;N/A;12.98;16.912;N/A;3.375856633;N/A
05/07/2021;25;18;70.60217615;N/A;12.98;16.912;N/A;4.375856633;N/A
06/07/2021;25;18;70.60217615;N/A;12.98;16.912;N/A;5.375856633;N/A
07/07/2021;25;18;70.60217615;N/A;12.98;16.912;N/A;6.375856633;N/A
08/07/2021;25;18;70.60217615;N/A;12.98;16.912;N/A;7.375856633;N/A
09/07/2021;25;18;70.60217615;N/A;12.98;16.912;N/A;8.375856633;N/A
10/07/2021;25;18;70.60217615;N/A;12.98;16.912;N/A;9.375856633;N/A
11/07/2021;25;18;70.60217615;N/A;12.98;16.912;N/A;10.37585663;N/A
12/07/2021;25;18;70.60217615;N/A;12.98;16.912;N/A;11.37585663;N/A
13/07/2021;25;18;70.60217615;N/A;12.98;16.912;N/A;12.37585663;N/A
14/07/2021;25;18;70.60217615;N/A;12.98;16.912;N/A;13.37585663;N/A
15/07/2021;25;18;70.60217615;N/A;12.98;16.912;N/A;14.37585663;N/A
16/07/2021;25;18;70.60217615;N/A;12.98;16.912;N/A;15.37585663;N/A
17/07/2021;25;18;70.60217615;N/A;12.98;16.912;N/A;16.37585663;N/A
18/07/2021;25;18;70.60217615;N/A;12.98;16.912;N/A;17.37585663;N/A
19/07/2021;25;18;70.60217615;N/A;12.98;16.912;N/A;18.37585663;N/A
20/07/2021;25;18;70.60217615;N/A;12.98;16.912;N/A;19.37585663;N/A
21/07/2021;25;18;70.60217615;N/A;12.98;16.912;N/A;20.37585663;N/A
22/07/2021;25;18;70.60217615;N/A;12.98;16.912;N/A;21.37585663;N/A
23/07/2021;25;18;70.60217615;N/A;12.98;16.912;N/A;22.37585663;N/A
24/07/2021;25;18;70.60217615;N/A;12.98;16.912;N/A;23.37585663;N/A
25/07/2021;25;18;70.60217615;N/A;12.98;16.912;N/A;24.37585663;N/A
26/07/2021;25;18;70.60217615;N/A;12.98;16.912;N/A;25.37585663;N/A
27/07/2021;25;18;70.60217615;N/A;12.98;16.912;N/A;26.37585663;N/A
28/07/2021;25;18;70.60217615;N/A;12.98;16.912;N/A;27.37585663;N/A
29/07/2021;25;18;70.60217615;N/A;12.98;16.912;N/A;28.37585663;N/A
30/07/2021;25;18;70.60217615;N/A;12.98;16.912;N/A;29.37585663;N/A
31/07/2021;25;18;70.60217615;N/A;12.98;16.912;N/A;30.37585663;N/A
01/08/2021;25;18.75;60.99181406;N/A;17.82;33.95;N/A;1.112228271;N/A
02/08/2021;25;18.75;60.99181406;N/A;17.82;33.95;N/A;2.112228271;N/A
03/08/2021;25;18.75;60.99181406;N/A;17.82;33.95;N/A;3.112228271;N/A
04/08/2021;25;18.75;60.99181406;N/A;17.82;33.95;N/A;4.112228271;N/A
05/08/2021;25;18.75;60.99181406;N/A;17.82;33.95;N/A;5.112228271;N/A
06/08/2021;25;18.75;60.99181406;N/A;17.82;33.95;N/A;6.112228271;N/A
07/08/2021;25;18.75;60.99181406;N/A;17.82;33.95;N/A;7.112228271;N/A
08/08/2021;25;18.75;60.99181406;N/A;17.82;33.95;N/A;8.112228271;N/A
09/08/2021;25;18.75;60.99181406;N/A;17.82;33.95;N/A;9.112228271;N/A
10/08/2021;25;18.75;60.99181406;N/A;17.82;33.95;N/A;10.11222827;N/A
11/08/2021;25;18.75;60.99181406;N/A;17.82;33.95;N/A;11.11222827;N/A
12/08/2021;25;18.75;60.99181406;N/A;17.82;33.95;N/A;12.11222827;N/A
13/08/2021;25;18.75;60.99181406;N/A;17.82;33.95;N/A;13.11222827;N/A
14/08/2021;25;18.75;60.99181406;N/A;17.82;33.95;N/A;14.11222827;N/A
15/08/2021;25;18.75;60.99181406;N/A;17.82;33.95;N/A;15.11222827;N/A
16/08/2021;25;18.75;60.99181406;N/A;17.82;33.95;N/A;16.11222827;N/A
17/08/2021;25;18.75;60.99181406;N/A;17.82;33.95;N/A;17.11222827;N/A
18/08/2021;25;18.75;60.99181406;N/A;17.82;33.95;N/A;18.11222827;N/A
19/08/2021;25;18.75;60.99181406;N/A;17.82;33.95;N/A;19.11222827;N/A
20/08/2021;25;18.75;60.99181406;N/A;17.82;33.95;N/A;20.11222827;N/A
21/08/2021;25;18.75;60.99181406;N/A;17.82;33.95;N/A;21.11222827;N/A
22/08/2021;25;18.75;60.99181406;N/A;17.82;33.95;N/A;22.11222827;N/A
23/08/2021;25;18.75;60.99181406;N/A;17.82;33.95;N/A;23.11222827;N/A
24/08/2021;25;18.75;60.99181406;N/A;17.82;33.95;N/A;24.11222827;N/A
25/08/2021;25;18.75;60.99181406;N/A;17.82;33.95;N/A;25.11222827;N/A
26/08/2021;25;18.75;60.99181406;N/A;17.82;33.95;N/A;26.11222827;N/A
27/08/2021;25;18.75;60.99181406;N/A;17.82;33.95;N/A;27.11222827;N/A
28/08/2021;25;18.75;60.99181406;N/A;17.82;33.95;N/A;28.11222827;N/A
29/08/2021;25;18.75;60.99181406;N/A;17.82;33.95;N/A;29.11222827;N/A
30/08/2021;25;18.75;60.99181406;N/A;17.82;33.95;N/A;30.11222827;N/A
31/08/2021;25;18.75;60.99181406;N/A;17.82;33.95;N/A;31.11222827;N/A
01/09/2021;24;15.122;63.78658197;1.684090909;11.714;16.7425;17.55;3.233483252;1.315
02/09/2021;24;15.122;63.78658197;1.684090909;11.714;16.7425;17.55;3.233483252;1.315
03/09/2021;24;15.122;63.78658197;1.684090909;11.714;16.7425;17.55;3.233483252;1.315
04/09/2021;24;15.122;63.78658197;1.684090909;11.714;16.7425;17.55;3.233483252;1.315
05/09/2021;24;15.122;63.78658197;1.684090909;11.714;16.7425;17.55;3.233483252;1.315
06/09/2021;24;15.122;63.78658197;1.684090909;11.714;16.7425;17.55;3.233483252;1.315
07/09/2021;24;15.122;63.78658197;1.684090909;11.714;16.7425;17.55;3.233483252;1.315
08/09/2021;24;15.122;63.78658197;1.684090909;11.714;16.7425;17.55;3.233483252;1.315
09/09/2021;24;15.122;63.78658197;1.684090909;11.714;16.7425;17.55;3.233483252;1.315
10/09/2021;24;15.122;63.78658197;1.684090909;11.714;16.7425;17.55;3.233483252;1.315
11/09/2021;24;15.122;63.78658197;1.684090909;11.714;16.7425;17.55;3.233483252;1.315
12/09/2021;24;15.122;63.78658197;1.684090909;11.714;16.7425;17.55;3.233483252;1.315
13/09/2021;24;15.122;63.78658197;1.684090909;11.714;16.7425;17.55;3.233483252;1.315
14/09/2021;24;15.122;63.78658197;1.684090909;11.714;16.7425;17.55;3.233483252;1.315
15/09/2021;24;15.122;63.78658197;1.684090909;11.714;16.7425;17.55;3.233483252;1.315
16/09/2021;24;15.122;63.78658197;1.684090909;11.714;16.7425;17.55;3.233483252;1.315
17/09/2021;24;15.122;63.78658197;1.684090909;11.714;16.7425;17.55;3.233483252;1.315
18/09/2021;24;15.122;63.78658197;1.684090909;11.714;16.7425;17.55;3.233483252;1.315
19/09/2021;24;15.122;63.78658197;1.684090909;11.714;16.7425;17.55;3.233483252;1.315
20/09/2021;24;15.122;63.78658197;1.684090909;11.714;16.7425;17.55;3.233483252;1.315
21/09/2021;24;15.122;63.78658197;1.684090909;11.714;16.7425;17.55;3.233483252;1.315
22/09/2021;24;15.122;63.78658197;1.684090909;11.714;16.7425;17.55;3.233483252;1.315
23/09/2021;24;15.122;63.78658197;1.684090909;11.714;16.7425;17.55;3.233483252;1.315
24/09/2021;24;15.122;63.78658197;1.684090909;11.714;16.7425;17.55;3.233483252;1.315
25/09/2021;24;15.122;63.78658197;1.684090909;11.714;16.7425;17.55;3.233483252;1.315
26/09/2021;24;15.122;63.78658197;1.684090909;11.714;16.7425;17.55;3.233483252;1.315
27/09/2021;24;15.122;63.78658197;1.684090909;11.714;16.7425;17.55;3.233483252;1.315
28/09/2021;24;15.122;63.78658197;1.684090909;11.714;16.7425;17.55;3.233483252;1.315
29/09/2021;24;15.122;63.78658197;1.684090909;11.714;16.7425;17.55;3.233483252;1.315
30/09/2021;24;15.122;63.78658197;1.684090909;11.714;16.7425;17.55;3.233483252;1.315
01/10/2021;20;21.485;55.07042632;3.131818182;10.145;16.76666667;8.7;1.543355086;1.58
02/10/2021;20;21.485;55.07042632;3.131818182;10.145;16.76666667;8.7;1.543355086;1.58
03/10/2021;20;21.485;55.07042632;3.131818182;10.145;16.76666667;8.7;1.543355086;1.58
04/10/2021;20;21.485;55.07042632;3.131818182;10.145;16.76666667;8.7;1.543355086;1.58
05/10/2021;20;21.485;55.07042632;3.131818182;10.145;16.76666667;8.7;1.543355086;1.58
06/10/2021;20;21.485;55.07042632;3.131818182;10.145;16.76666667;8.7;1.543355086;1.58
07/10/2021;20;21.485;55.07042632;3.131818182;10.145;16.76666667;8.7;1.543355086;1.58
08/10/2021;20;21.485;55.07042632;3.131818182;10.145;16.76666667;8.7;1.543355086;1.58
09/10/2021;20;21.485;55.07042632;3.131818182;10.145;16.76666667;8.7;1.543355086;1.58
10/10/2021;20;21.485;55.07042632;3.131818182;10.145;16.76666667;8.7;1.543355086;1.58
11/10/2021;20;21.485;55.07042632;3.131818182;10.145;16.76666667;8.7;1.543355086;1.58
12/10/2021;20;21.485;55.07042632;3.131818182;10.145;16.76666667;8.7;1.543355086;1.58
13/10/2021;20;21.485;55.07042632;3.131818182;10.145;16.76666667;8.7;1.543355086;1.58
14/10/2021;20;21.485;55.07042632;3.131818182;10.145;16.76666667;8.7;1.543355086;1.58
15/10/2021;20;21.485;55.07042632;3.131818182;10.145;16.76666667;8.7;1.543355086;1.58
16/10/2021;20;21.485;55.07042632;3.131818182;10.145;16.76666667;8.7;1.543355086;1.58
17/10/2021;20;21.485;55.07042632;3.131818182;10.145;16.76666667;8.7;1.543355086;1.58
18/10/2021;20;21.485;55.07042632;3.131818182;10.145;16.76666667;8.7;1.543355086;1.58
19/10/2021;20;21.485;55.07042632;3.131818182;10.145;16.76666667;8.7;1.543355086;1.58
20/10/2021;20;21.485;55.07042632;3.131818182;10.145;16.76666667;8.7;1.543355086;1.58
21/10/2021;20;21.485;55.07042632;3.131818182;10.145;16.76666667;8.7;1.543355086;1.58
22/10/2021;20;21.485;55.07042632;3.131818182;10.145;16.76666667;8.7;1.543355086;1.58
23/10/2021;20;21.485;55.07042632;3.131818182;10.145;16.76666667;8.7;1.543355086;1.58
24/10/2021;20;21.485;55.07042632;3.131818182;10.145;16.76666667;8.7;1.543355086;1.58
25/10/2021;20;21.485;55.07042632;3.131818182;10.145;16.76666667;8.7;1.543355086;1.58
26/10/2021;20;21.485;55.07042632;3.131818182;10.145;16.76666667;8.7;1.543355086;1.58
27/10/2021;20;21.485;55.07042632;3.131818182;10.145;16.76666667;8.7;1.543355086;1.58
28/10/2021;20;21.485;55.07042632;3.131818182;10.145;16.76666667;8.7;1.543355086;1.58
29/10/2021;20;21.485;55.07042632;3.131818182;10.145;16.76666667;8.7;1.543355086;1.58
30/10/2021;20;21.485;55.07042632;3.131818182;10.145;16.76666667;8.7;1.543355086;1.58
31/10/2021;20;21.485;55.07042632;3.131818182;10.145;16.76666667;8.7;1.543355086;1.58
01/11/2021;20;20;46.3600823;N/A;5.28;7;N/A;1.715629012;N/A
02/11/2021;20;20;46.3600823;N/A;5.28;7;N/A;2.715629012;N/A
03/11/2021;20;20;46.3600823;N/A;5.28;7;N/A;3.715629012;N/A
04/11/2021;20;20;46.3600823;N/A;5.28;7;N/A;4.715629012;N/A
05/11/2021;20;20;46.3600823;N/A;5.28;7;N/A;5.715629012;N/A
06/11/2021;20;20;46.3600823;N/A;5.28;7;N/A;6.715629012;N/A
07/11/2021;20;20;46.3600823;N/A;5.28;7;N/A;7.715629012;N/A
08/11/2021;20;20;46.3600823;N/A;5.28;7;N/A;8.715629012;N/A
09/11/2021;20;20;46.3600823;N/A;5.28;7;N/A;9.715629012;N/A
10/11/2021;20;20;46.3600823;N/A;5.28;7;N/A;10.71562901;N/A
11/11/2021;20;20;46.3600823;N/A;5.28;7;N/A;11.71562901;N/A
12/11/2021;20;20;46.3600823;N/A;5.28;7;N/A;12.71562901;N/A
13/11/2021;20;20;46.3600823;N/A;5.28;7;N/A;13.71562901;N/A
14/11/2021;20;20;46.3600823;N/A;5.28;7;N/A;14.71562901;N/A
15/11/2021;20;20;46.3600823;N/A;5.28;7;N/A;15.71562901;N/A
16/11/2021;20;20;46.3600823;N/A;5.28;7;N/A;16.71562901;N/A
17/11/2021;20;20;46.3600823;N/A;5.28;7;N/A;17.71562901;N/A
18/11/2021;20;20;46.3600823;N/A;5.28;7;N/A;18.71562901;N/A
19/11/2021;20;20;46.3600823;N/A;5.28;7;N/A;19.71562901;N/A
20/11/2021;20;20;46.3600823;N/A;5.28;7;N/A;20.71562901;N/A
21/11/2021;20;20;46.3600823;N/A;5.28;7;N/A;21.71562901;N/A
22/11/2021;20;20;46.3600823;N/A;5.28;7;N/A;22.71562901;N/A
23/11/2021;20;20;46.3600823;N/A;5.28;7;N/A;23.71562901;N/A
24/11/2021;20;20;46.3600823;N/A;5.28;7;N/A;24.71562901;N/A
25/11/2021;20;20;46.3600823;N/A;5.28;7;N/A;25.71562901;N/A
26/11/2021;20;20;46.3600823;N/A;5.28;7;N/A;26.71562901;N/A
27/11/2021;20;20;46.3600823;N/A;5.28;7;N/A;27.71562901;N/A
28/11/2021;20;20;46.3600823;N/A;5.28;7;N/A;28.71562901;N/A
29/11/2021;20;20;46.3600823;N/A;5.28;7;N/A;29.71562901;N/A
30/11/2021;20;20;46.3600823;N/A;5.28;7;N/A;30.71562901;N/A
01/12/2021;35;24.84;75.10040161;1.6;5.38;18.9;9;0.436818588;0.44
02/12/2021;35;24.84;75.10040161;1.6;5.38;18.9;9;0.436818588;0.44
03/12/2021;35;24.84;75.10040161;1.6;5.38;18.9;9;0.436818588;0.44
04/12/2021;35;24.84;75.10040161;1.6;5.38;18.9;9;0.436818588;0.44
05/12/2021;35;24.84;75.10040161;1.6;5.38;18.9;9;0.436818588;0.44
06/12/2021;35;24.84;75.10040161;1.6;5.38;18.9;9;0.436818588;0.44
07/12/2021;35;24.84;75.10040161;1.6;5.38;18.9;9;0.436818588;0.44
08/12/2021;35;24.84;75.10040161;1.6;5.38;18.9;9;0.436818588;0.44
09/12/2021;35;24.84;75.10040161;1.6;5.38;18.9;9;0.436818588;0.44
10/12/2021;35;24.84;75.10040161;1.6;5.38;18.9;9;0.436818588;0.44
11/12/2021;35;24.84;75.10040161;1.6;5.38;18.9;9;0.436818588;0.44
12/12/2021;35;24.84;75.10040161;1.6;5.38;18.9;9;0.436818588;0.44
13/12/2021;35;24.84;75.10040161;1.6;5.38;18.9;9;0.436818588;0.44
14/12/2021;35;24.84;75.10040161;1.6;5.38;18.9;9;0.436818588;0.44
15/12/2021;35;24.84;75.10040161;1.6;5.38;18.9;9;0.436818588;0.44
16/12/2021;35;24.84;75.10040161;1.6;5.38;18.9;9;0.436818588;0.44
17/12/2021;35;24.84;75.10040161;1.6;5.38;18.9;9;0.436818588;0.44
18/12/2021;35;24.84;75.10040161;1.6;5.38;18.9;9;0.436818588;0.44
19/12/2021;35;24.84;75.10040161;1.6;5.38;18.9;9;0.436818588;0.44
20/12/2021;35;24.84;75.10040161;1.6;5.38;18.9;9;0.436818588;0.44
21/12/2021;35;24.84;75.10040161;1.6;5.38;18.9;9;0.436818588;0.44
22/12/2021;35;24.84;75.10040161;1.6;5.38;18.9;9;0.436818588;0.44
23/12/2021;35;24.84;75.10040161;1.6;5.38;18.9;9;0.436818588;0.44
24/12/2021;35;24.84;75.10040161;1.6;5.38;18.9;9;0.436818588;0.44
25/12/2021;35;24.84;75.10040161;1.6;5.38;18.9;9;0.436818588;0.44
26/12/2021;35;24.84;75.10040161;1.6;5.38;18.9;9;0.436818588;0.44
27/12/2021;35;24.84;75.10040161;1.6;5.38;18.9;9;0.436818588;0.44
28/12/2021;35;24.84;75.10040161;1.6;5.38;18.9;9;0.436818588;0.44
29/12/2021;35;24.84;75.10040161;1.6;5.38;18.9;9;0.436818588;0.44
30/12/2021;35;24.84;75.10040161;1.6;5.38;18.9;9;0.436818588;0.44
31/12/2021;35;24.84;75.10040161;1.6;5.38;18.9;9;0.436818588;0.44
