ID,name,tank_wsarea,tank_sewvol,tank_vopen,tank_evvol,tank_revol,spill,tank_uspill,tank_crunvol,tank_rajkalve,tank_inflow,tank_usdivert,tank_vclose,tank_stp,DS_tank,divert,treated
28,Horamavu Agara lake,8584.167531653477,1720.896,128.0,60.089172721574336,25.75250259496043,0,0,724.7722875,759.1902074999999,759.1902074999999,0,801.3485321834652,0,34,n,0.98
28,Horamavu Agara lake,20304.339279797943,1720.896,801.3485321834652,142.1303749585856,60.91301783939383,0,0,0.0,34.41792000000003,34.41792000000003,0,632.7230593854856,0,34,n,0.98
28,Horamavu Agara lake,18173.131095790664,1720.896,632.7230593854856,127.21191767053466,54.519393287372,0,0,0.0,34.41792000000003,34.41792000000003,0,485.4096684275789,0,34,n,0.98
28,Horamavu Agara lake,16047.41037838289,1720.896,485.4096684275789,112.33187264868023,48.14223113514867,0,0,0.0,34.41792000000003,34.41792000000003,0,359.35348464375,0,34,n,0.98
28,Horamavu Agara lake,13935.224797962775,1720.896,359.35348464375,97.54657358573942,41.805674393888324,0,0,0.0,34.41792000000003,34.41792000000003,0,254.4191566641223,0,34,n,0.98
28,Horamavu Agara lake,11850.164879431954,1720.896,254.4191566641223,82.95115415602368,35.55049463829586,0,0,0.0,34.41792000000003,34.41792000000003,0,170.3354278698028,0,34,n,0.98
28,Horamavu Agara lake,9816.176282908365,1720.896,170.3354278698028,68.71323398035857,29.448528848725097,0,0,0.0,34.41792000000003,34.41792000000003,0,106.5915850407192,0,34,n,0.98
28,Horamavu Agara lake,7877.543870463604,1720.896,106.5915850407192,55.14280709324523,23.632631611390813,0,0,10146.812025,10181.229945,10181.229945,0,10209.046091336084,0,34,n,0.98
28,Horamavu Agara lake,67034.5891908547,1720.896,10209.046091336084,469.24212433598296,201.10376757256412,0,0,0.0,34.41792000000003,34.41792000000003,0,9573.118119427538,0,34,n,0.98
28,Horamavu Agara lake,65041.29039173914,1720.896,9573.118119427538,455.28903274217396,195.12387117521743,0,0,0.0,34.41792000000003,34.41792000000003,0,8957.123135510146,0,34,n,0.98
28,Horamavu Agara lake,63042.29205372152,1720.896,8957.123135510146,441.29604437605065,189.12687616116455,0,0,0.0,34.41792000000003,34.41792000000003,0,8361.11813497293,0,34,n,0.98
28,Horamavu Agara lake,61037.45608450291,1720.896,8361.11813497293,427.2621925915204,183.11236825350875,0,0,0.0,34.41792000000003,34.41792000000003,0,7785.161494127901,0,34,n,0.98
28,Horamavu Agara lake,59026.64046470146,1720.896,7785.161494127901,413.1864832529102,177.07992139410436,0,0,0.0,34.41792000000003,34.41792000000003,0,7229.313009480887,0,34,n,0.98
28,Horamavu Agara lake,57009.69958244911,1720.896,7229.313009480887,399.06789707714375,171.02909874734732,0,0,0.0,34.41792000000003,34.41792000000003,0,6693.633933656395,0,34,n,0.98
28,Horamavu Agara lake,54986.48475031375,1720.896,6693.633933656395,384.90539325219623,164.95945425094126,0,0,0.0,34.41792000000003,34.41792000000003,0,6178.187006153257,0,34,n,0.98
28,Horamavu Agara lake,52956.84496900979,1720.896,6178.187006153257,370.69791478306854,158.87053490702937,0,0,0.0,34.41792000000003,34.41792000000003,0,5683.036476463159,0,34,n,0.98
28,Horamavu Agara lake,50920.628025803046,1720.896,5683.036476463159,356.4443961806213,152.76188407740915,0,0,0.0,34.41792000000003,34.41792000000003,0,5208.248116205128,0,34,n,0.98
28,Horamavu Agara lake,48877.682048384275,1720.896,5208.248116205128,342.1437743386899,146.63304614515283,0,0,0.0,34.41792000000003,34.41792000000003,0,4753.889215721286,0,34,n,0.98
28,Horamavu Agara lake,46827.857681548696,1720.896,4753.889215721286,327.7950037708409,140.48357304464608,0,0,0.0,34.41792000000003,34.41792000000003,0,4320.028558905799,0,34,n,0.98
28,Horamavu Agara lake,44771.011120730975,1720.896,4320.028558905799,313.3970778451168,134.31303336219293,0,0,0.0,34.41792000000003,34.41792000000003,0,3906.7363676984896,0,34,n,0.98
28,Horamavu Agara lake,42707.008333211335,1720.896,3906.7363676984896,298.94905833247935,128.12102499963402,0,0,0.0,34.41792000000003,34.41792000000003,0,3514.084204366376,0,34,n,0.98
28,Horamavu Agara lake,40635.730940081485,1720.896,3514.084204366376,284.4501165805704,121.90719282024446,0,0,0.0,34.41792000000003,34.41792000000003,0,3142.144814965561,0,34,n,0.98
28,Horamavu Agara lake,38557.0844443582,1720.896,3142.144814965561,269.8995911105074,115.67125333307462,0,0,0.0,34.41792000000003,34.41792000000003,0,2790.991890521979,0,34,n,0.98
28,Horamavu Agara lake,36471.0098126281,1720.896,2790.991890521979,255.2970686883967,109.4130294378843,0,0,0.0,34.41792000000003,34.41792000000003,0,2460.6997123956976,0,34,n,0.98
28,Horamavu Agara lake,34377.499914808046,1720.896,2460.6997123956976,240.64249940365633,103.13249974442414,0,0,0.0,34.41792000000003,34.41792000000003,0,2151.342633247617,0,34,n,0.98
28,Horamavu Agara lake,32276.623109682165,1720.896,2151.342633247617,225.93636176777517,96.8298693290465,0,0,0.0,34.41792000000003,34.41792000000003,0,1862.9943221507951,0,34,n,0.98
28,Horamavu Agara lake,30168.557524489792,1720.896,1862.9943221507951,211.17990267142855,90.50567257346938,0,0,0.0,34.41792000000003,34.41792000000003,0,1595.7266669058972,0,34,n,0.98
28,Horamavu Agara lake,28053.641656093587,1720.896,1595.7266669058972,196.37549159265512,84.16092496828077,0,0,0.0,34.41792000000003,34.41792000000003,0,1349.6081703449613,0,34,n,0.98
28,Horamavu Agara lake,25932.450444735576,1720.896,1349.6081703449613,181.52715311314904,77.79735133420672,0,0,0.0,34.41792000000003,34.41792000000003,0,1124.7015858976056,0,34,n,0.98
28,Horamavu Agara lake,23805.91212496625,1720.896,1124.7015858976056,166.64138487476376,71.41773637489875,0,0,0.0,34.41792000000003,34.41792000000003,0,921.0603846479432,0,34,n,0.98
28,Horamavu Agara lake,21675.492273233238,1720.896,921.0603846479432,151.72844591263268,65.02647681969971,0,0,0.0,34.41792000000003,34.41792000000003,0,738.7233819156108,0,34,n,0.98
28,Horamavu Agara lake,19543.49231648108,1720.896,738.7233819156108,136.80444621536756,58.630476949443235,0,0,0.0,34.41792000000003,34.41792000000003,0,577.7063787508,0,34,n,0.98
28,Horamavu Agara lake,17413.55052245325,1720.896,577.7063787508,121.89485365717275,52.24065156735975,0,0,0.0,34.41792000000003,34.41792000000003,0,437.9887935262675,0,34,n,0.98
28,Horamavu Agara lake,15291.516889665503,1720.896,437.9887935262675,107.04061822765853,45.87455066899651,0,0,11943.850162499999,11978.268082499999,11978.268082499999,0,12263.341707129612,0,34,n,0.98
28,Horamavu Agara lake,73058.44552909436,1720.896,12263.341707129612,511.4091187036605,219.17533658728308,0,0,0.0,34.41792000000003,34.41792000000003,0,11567.175171838668,0,34,n,0.98
28,Horamavu Agara lake,71081.66269175692,1720.896,11567.175171838668,497.57163884229846,213.24498807527078,0,0,0.0,34.41792000000003,34.41792000000003,0,10890.776464921099,0,34,n,0.98
28,Horamavu Agara lake,69099.57430007703,1720.896,10890.776464921099,483.69702010053925,207.2987229002311,0,0,0.0,34.41792000000003,34.41792000000003,0,10234.198641920328,0,34,n,0.98
28,Horamavu Agara lake,67112.05503619862,1720.896,10234.198641920328,469.7843852533904,201.33616510859588,0,0,0.0,34.41792000000003,34.41792000000003,0,9597.496011558342,0,34,n,0.98
28,Horamavu Agara lake,65118.975327625856,1720.896,9597.496011558342,455.832827293381,195.35692598287758,0,0,0.0,34.41792000000003,34.41792000000003,0,8980.724178282082,0,34,n,0.98
28,Horamavu Agara lake,63120.20137219669,1720.896,8980.724178282082,441.84140960537684,189.36060411659005,0,0,0.0,34.41792000000003,34.41792000000003,0,8383.940084560116,0,34,n,0.98
28,Horamavu Agara lake,61115.595235237495,1720.896,8383.940084560116,427.80916664666245,183.34678570571248,0,0,0.0,34.41792000000003,34.41792000000003,0,7807.202052207741,0,34,n,0.98
28,Horamavu Agara lake,59105.01504495613,1720.896,7807.202052207741,413.73510531469293,177.3150451348684,0,0,8697.26745,8731.68537,8731.68537,0,15947.837271758179,0,34,n,0.98
28,Horamavu Agara lake,82645.6720855811,1720.896,15947.837271758179,578.5197045990677,247.9370162567433,0,0,0.0,34.41792000000003,34.41792000000003,0,15155.798470902368,0,34,n,0.98
28,Horamavu Agara lake,80693.14976622438,1720.896,15155.798470902368,564.8520483635707,242.07944929867313,0,0,0.0,34.41792000000003,34.41792000000003,0,14383.284893240123,0,34,n,0.98
28,Horamavu Agara lake,78735.8750170901,1720.896,14383.284893240123,551.1511251196307,236.20762505127033,0,0,0.0,34.41792000000003,34.41792000000003,0,13630.344063069222,0,34,n,0.98
28,Horamavu Agara lake,76773.74233990266,1720.896,13630.344063069222,537.4161963793186,230.32122701970798,0,0,0.0,34.41792000000003,34.41792000000003,0,12897.024559670195,0,34,n,0.98
28,Horamavu Agara lake,74806.64238814356,1720.896,12897.024559670195,523.646496717005,224.4199271644307,0,0,0.0,34.41792000000003,34.41792000000003,0,12183.37605578876,0,34,n,0.98
28,Horamavu Agara lake,72834.46184457555,1720.896,12183.37605578876,509.84123291202883,218.50338553372666,0,0,0.0,34.41792000000003,34.41792000000003,0,11489.449357343005,0,34,n,0.98
28,Horamavu Agara lake,70857.08331174585,1720.896,11489.449357343005,495.999583182221,212.57124993523757,0,0,0.0,34.41792000000003,34.41792000000003,0,10815.296444225545,0,34,n,0.98
28,Horamavu Agara lake,68874.38522194675,1720.896,10815.296444225545,482.1206965536273,206.62315566584027,0,0,0.0,34.41792000000003,34.41792000000003,0,10160.970512006077,0,34,n,0.98
28,Horamavu Agara lake,66886.24177522918,1720.896,10160.970512006077,468.2036924266043,200.65872532568756,0,0,0.0,34.41792000000003,34.41792000000003,0,9526.526014253785,0,34,n,0.98
28,Horamavu Agara lake,64892.5229168729,1720.896,9526.526014253785,454.2476604181103,194.6775687506187,0,0,0.0,34.41792000000003,34.41792000000003,0,8912.018705085056,0,34,n,0.98
28,Horamavu Agara lake,62893.09436946162,1720.896,8912.018705085056,440.25166058623137,188.67928310838488,0,0,0.0,34.41792000000003,34.41792000000003,0,8317.505681390441,0,34,n,0.98
28,Horamavu Agara lake,60887.817739729326,1720.896,8317.505681390441,426.2147241781053,182.66345321918797,0,0,0.0,34.41792000000003,34.41792000000003,0,7743.045423993148,0,34,n,0.98
28,Horamavu Agara lake,58876.550727109665,1720.896,7743.045423993148,412.1358550897677,176.629652181329,0,0,0.0,34.41792000000003,34.41792000000003,0,7188.697836722051,0,34,n,0.98
28,Horamavu Agara lake,56859.147470101634,1720.896,7188.697836722051,398.01403229071144,170.5774424103049,0,0,0.0,34.41792000000003,34.41792000000003,0,6654.524282021034,0,34,n,0.98
28,Horamavu Agara lake,54835.459079114764,1720.896,6654.524282021034,383.84821355380336,164.50637723734428,0,0,0.0,34.41792000000003,34.41792000000003,0,6140.5876112298865,0,34,n,0.98
28,Horamavu Agara lake,52805.334421748455,1720.896,6140.5876112298865,369.6373409522392,158.41600326524537,0,0,0.0,34.41792000000003,34.41792000000003,0,5646.952187012402,0,34,n,0.98
28,Horamavu Agara lake,50768.62125049289,1720.896,5646.952187012402,355.3803487534502,152.30586375147868,0,0,0.0,34.41792000000003,34.41792000000003,0,5173.683894507472,0,34,n,0.98
28,Horamavu Agara lake,48725.167796559006,1720.896,5173.683894507472,341.07617457591306,146.17550338967703,0,0,0.0,34.41792000000003,34.41792000000003,0,4720.850136541882,0,34,n,0.98
28,Horamavu Agara lake,46674.82500135388,1720.896,4720.850136541882,326.72377500947715,140.02447500406163,0,0,0.0,34.41792000000003,34.41792000000003,0,4288.519806528343,0,34,n,0.98
28,Horamavu Agara lake,44617.449625673886,1720.896,4288.519806528343,312.3221473797172,133.85234887702165,0,0,17096.683275,17131.101195,17131.101195,0,20973.446505271604,0,34,n,0.98
28,Horamavu Agara lake,93984.86269057344,1720.896,20973.446505271604,657.894038834014,281.9545880717203,0,0,0.0,34.41792000000003,34.41792000000003,0,20068.015798365872,0,34,n,0.98
28,Horamavu Agara lake,92058.22981446583,1720.896,20068.015798365872,644.4076087012608,276.1746894433975,0,0,0.0,34.41792000000003,34.41792000000003,0,19181.851420221214,0,34,n,0.98
28,Horamavu Agara lake,90127.39188700568,1720.896,19181.851420221214,630.8917432090398,270.3821756610171,0,0,9233.400375,9267.818295,9267.818295,0,27548.39579635116,0,34,n,0.98
28,Horamavu Agara lake,106817.28986640535,1720.896,27548.39579635116,747.7210290648375,320.4518695992161,0,0,0.0,34.41792000000003,34.41792000000003,0,26514.64081768711,0,34,n,0.98
28,Horamavu Agara lake,104916.87910929801,1720.896,26514.64081768711,734.4181537650861,314.750637327894,0,0,0.0,34.41792000000003,34.41792000000003,0,25499.889946594125,0,34,n,0.98
28,Horamavu Agara lake,103012.76834272026,1720.896,25499.889946594125,721.0893783990418,309.0383050281608,0,0,0.0,34.41792000000003,34.41792000000003,0,24504.18018316692,0,34,n,0.98
28,Horamavu Agara lake,101104.88935005359,1720.896,24504.18018316692,707.7342254503751,303.3146680501608,0,0,4348.633725,4383.051645,4383.051645,0,27876.182934666387,0,34,n,0.98
28,Horamavu Agara lake,107411.95199919908,1720.896,27876.182934666387,751.8836639943936,322.23585599759724,0,0,41520.51652499999,41554.93444499999,41554.93444499999,0,68356.99785967439,0,34,n,0.98
28,Horamavu Agara lake,163639.55034539796,1720.896,68356.99785967439,1145.4768524177857,490.9186510361939,0,0,0.0,34.41792000000003,34.41792000000003,0,66755.02027622041,0,34,n,0.98
28,Horamavu Agara lake,161828.2750568502,1720.896,66755.02027622041,1132.7979253979513,485.4848251705506,0,0,0.0,34.41792000000003,34.41792000000003,0,65171.155445651915,0,34,n,0.98
28,Horamavu Agara lake,160014.65851669366,1720.896,65171.155445651915,1120.1026096168557,480.043975550081,0,0,0.0,34.41792000000003,34.41792000000003,0,63605.42678048498,0,34,n,0.98
28,Horamavu Agara lake,158198.6714934609,1720.896,63605.42678048498,1107.3907004542264,474.5960144803827,0,0,0.0,34.41792000000003,34.41792000000003,0,62057.85798555037,0,34,n,0.98
28,Horamavu Agara lake,156380.2840665494,1720.896,62057.85798555037,1094.6619884658458,469.1408521996482,0,0,0.0,34.41792000000003,34.41792000000003,0,60528.47306488488,0,34,n,0.98
28,Horamavu Agara lake,154559.46560252865,1720.896,60528.47306488488,1081.9162592177006,463.67839680758595,0,0,0.0,34.41792000000003,34.41792000000003,0,59017.29632885959,0,34,n,0.98
28,Horamavu Agara lake,152736.18473038982,1720.896,59017.29632885959,1069.1532931127288,458.20855419116947,0,0,0.0,34.41792000000003,34.41792000000003,0,57524.35240155569,0,34,n,0.98
28,Horamavu Agara lake,150910.40931568277,1720.896,57524.35240155569,1056.3728652097793,452.73122794704835,0,0,0.0,34.41792000000003,34.41792000000003,0,56049.66622839886,0,34,n,0.98
28,Horamavu Agara lake,149082.1064334787,1720.896,56049.66622839886,1043.574745034351,447.24631930043614,0,0,0.0,34.41792000000003,34.41792000000003,0,54593.26308406408,0,34,n,0.98
28,Horamavu Agara lake,147251.24234009598,1720.896,54593.26308406408,1030.7586963806718,441.75372702028795,0,0,0.0,34.41792000000003,34.41792000000003,0,53155.168580663114,0,34,n,0.98
28,Horamavu Agara lake,145417.7824435205,1720.896,53155.168580663114,1017.9244771046435,436.2533473305615,0,0,0.0,34.41792000000003,34.41792000000003,0,51735.40867622791,0,34,n,0.98
28,Horamavu Agara lake,143581.69127244953,1720.896,51735.40867622791,1005.0718389071468,430.7450738173486,0,0,0.0,34.41792000000003,34.41792000000003,0,50334.00968350341,0,34,n,0.98
28,Horamavu Agara lake,141742.9324438827,1720.896,50334.00968350341,992.2005271071788,425.2287973316481,0,0,0.0,34.41792000000003,34.41792000000003,0,48950.99827906459,0,34,n,0.98
28,Horamavu Agara lake,139901.46862917914,1720.896,48950.99827906459,979.3102804042541,419.70440588753746,0,0,0.0,34.41792000000003,34.41792000000003,0,47586.40151277279,0,34,n,0.98
28,Horamavu Agara lake,138057.2615184961,1720.896,47586.40151277279,966.4008306294727,414.1717845554883,0,0,0.0,34.41792000000003,34.41792000000003,0,46240.24681758783,0,34,n,0.98
28,Horamavu Agara lake,136210.27178351735,1720.896,46240.24681758783,953.4719024846215,408.63081535055204,0,0,0.0,34.41792000000003,34.41792000000003,0,44912.56201975266,0,34,n,0.98
28,Horamavu Agara lake,134360.4590383766,1720.896,44912.56201975266,940.5232132686363,403.08137711512984,0,0,0.0,34.41792000000003,34.41792000000003,0,43603.37534936889,0,34,n,0.98
28,Horamavu Agara lake,132507.78179867304,1720.896,43603.37534936889,927.5544725907113,397.5233453960191,0,0,0.0,34.41792000000003,34.41792000000003,0,42312.715451382166,0,34,n,0.98
28,Horamavu Agara lake,130652.19743847253,1720.896,42312.715451382166,914.5653820693077,391.9565923154176,0,0,0.0,34.41792000000003,34.41792000000003,0,41040.61139699745,0,34,n,0.98
28,Horamavu Agara lake,128793.66214518067,1720.896,41040.61139699745,901.5556350162648,386.380986435542,0,0,0.0,34.41792000000003,34.41792000000003,0,39787.09269554564,0,34,n,0.98
28,Horamavu Agara lake,126932.13087216696,1720.896,39787.09269554564,888.5249161051688,380.7963926165009,0,0,0.0,34.41792000000003,34.41792000000003,0,38552.189306823966,0,34,n,0.98
28,Horamavu Agara lake,125067.55728901508,1720.896,38552.189306823966,875.4729010231056,375.20267186704524,0,0,0.0,34.41792000000003,34.41792000000003,0,37335.93165393382,0,34,n,0.98
28,Horamavu Agara lake,123199.89372926467,1720.896,37335.93165393382,862.3992561048527,369.59968118779403,0,0,0.0,34.41792000000003,34.41792000000003,0,36138.350636641175,0,34,n,0.98
28,Horamavu Agara lake,121329.09113550613,1720.896,36138.350636641175,849.3036379485429,363.9872734065184,0,0,0.0,34.41792000000003,34.41792000000003,0,34959.47764528611,0,34,n,0.98
28,Horamavu Agara lake,119455.09900168108,1720.896,34959.47764528611,836.1856930117676,358.36529700504326,0,0,0.0,34.41792000000003,34.41792000000003,0,33799.3445752693,0,34,n,0.98
28,Horamavu Agara lake,117577.86531243628,1720.896,33799.3445752693,823.045057187054,352.73359593730885,0,0,21872.2376625,21906.6555825,21906.6555825,0,54530.22150464494,0,34,n,0.98
28,Horamavu Agara lake,147171.41012209805,1720.896,54530.22150464494,1030.1998708546864,441.51423036629416,0,0,0.0,34.41792000000003,34.41792000000003,0,53092.92532342396,0,34,n,0.98
28,Horamavu Agara lake,145337.83632259007,1720.896,53092.92532342396,1017.3648542581305,436.01350896777024,0,0,0.0,34.41792000000003,34.41792000000003,0,51673.96488019806,0,34,n,0.98
28,Horamavu Agara lake,143501.62968256252,1720.896,51673.96488019806,1004.5114077779376,430.5048890476876,0,0,10871.5843125,10906.002232499999,10906.002232499999,0,61144.95081587243,0,34,n,0.98
28,Horamavu Agara lake,155296.3209914983,1720.896,61144.95081587243,1087.0742469404881,465.8889629744949,0,0,9422.0397375,9456.4576575,9456.4576575,0,69048.44526345744,0,34,n,0.98
28,Horamavu Agara lake,164414.37134513125,1720.896,69048.44526345744,1150.9005994159188,493.2431140353938,0,0,8697.26745,8731.68537,8731.68537,0,76135.98692000614,0,34,n,0.98
28,Horamavu Agara lake,172130.25287766563,1720.896,76135.98692000614,1204.9117701436594,516.3907586329968,0,0,0.0,34.41792000000003,34.41792000000003,0,74449.10231122948,0,34,n,0.98
28,Horamavu Agara lake,170329.61932725244,1720.896,74449.10231122948,1192.307335290767,510.98885798175735,0,0,13045.901174999999,13080.319094999999,13080.319094999999,0,85826.12521295695,0,34,n,0.98
28,Horamavu Agara lake,182086.3265895393,1720.896,85826.12521295695,1274.6042861267752,546.2589797686179,0,0,0.0,34.41792000000003,34.41792000000003,0,84039.67986706155,0,34,n,0.98
28,Horamavu Agara lake,180297.52090628524,1720.896,84039.67986706155,1262.0826463439967,540.8925627188557,0,0,0.0,34.41792000000003,34.41792000000003,0,82271.1225779987,0,34,n,0.98
28,Horamavu Agara lake,178506.63885069382,1720.896,82271.1225779987,1249.5464719548568,535.5199165520814,0,0,2174.3168625,2208.7347824999997,2208.7347824999997,0,82694.79097199177,0,34,n,0.98
28,Horamavu Agara lake,178937.50150629762,1720.896,82694.79097199177,1252.5625105440834,536.8125045188929,0,0,54457.2054375,54491.6233575,54491.6233575,0,135397.03931442878,0,34,n,0.98
28,Horamavu Agara lake,225529.86032594542,1720.896,135397.03931442878,1578.709022281618,676.5895809778362,0,0,0.0,34.41792000000003,34.41792000000003,0,133176.15863116935,0,34,n,0.98
28,Horamavu Agara lake,223785.96638571811,1720.896,133176.15863116935,1566.5017647000268,671.3578991571544,0,0,0.0,34.41792000000003,34.41792000000003,0,130972.71688731218,0,34,n,0.98
28,Horamavu Agara lake,222040.44757283217,1720.896,130972.71688731218,1554.2831330098252,666.1213427184965,0,0,0.0,34.41792000000003,34.41792000000003,0,128786.73033158387,0,34,n,0.98
28,Horamavu Agara lake,220293.28921248167,1720.896,128786.73033158387,1542.0530244873717,660.879867637445,0,0,1449.544575,1483.962495,1483.962495,0,128067.75993445906,0,34,n,0.98
28,Horamavu Agara lake,219715.21462433162,1720.896,128067.75993445906,1538.0065023703214,659.1456438729949,0,0,2174.3168625,2208.7347824999997,2208.7347824999997,0,128079.34257071574,0,34,n,0.98
28,Horamavu Agara lake,219724.5410534181,1720.896,128079.34257071574,1538.0717873739268,659.1736231602544,0,0,0.0,34.41792000000003,34.41792000000003,0,125916.51508018156,0,34,n,0.98
28,Horamavu Agara lake,217975.18671834882,1720.896,125916.51508018156,1525.8263070284418,653.9255601550465,0,0,4348.633725,4383.051645,4383.051645,0,128119.81485799808,0,34,n,0.98
28,Horamavu Agara lake,219757.12614121602,1720.896,128119.81485799808,1538.2998829885123,659.2713784236481,0,0,0.0,34.41792000000003,34.41792000000003,0,125956.66151658591,0,34,n,0.98
28,Horamavu Agara lake,218007.80286919218,1720.896,125956.66151658591,1526.0546200843453,654.0234086075766,0,0,0.0,34.41792000000003,34.41792000000003,0,123811.001407894,0,34,n,0.98
28,Horamavu Agara lake,216256.80522858884,1720.896,123811.001407894,1513.797636600122,648.7704156857666,0,0,0.0,34.41792000000003,34.41792000000003,0,121682.85127560812,0,34,n,0.98
28,Horamavu Agara lake,214504.11768733276,1720.896,121682.85127560812,1501.5288238113294,643.5123530619983,0,0,724.7722875,759.1902074999999,759.1902074999999,0,120297.00030623478,0,34,n,0.98
28,Horamavu Agara lake,213354.00898673906,1720.896,120297.00030623478,1493.4780629071736,640.0620269602172,0,0,0.0,34.41792000000003,34.41792000000003,0,118197.87813636739,0,34,n,0.98
28,Horamavu Agara lake,211598.4886455706,1720.896,118197.87813636739,1481.1894205189942,634.7954659367118,0,0,65080.5800625,65114.9979825,65114.9979825,0,181196.8912324117,0,34,n,0.98
28,Horamavu Agara lake,258580.9403911504,1720.896,181196.8912324117,1810.0665827380528,775.7428211734511,0,0,0.0,34.41792000000003,34.41792000000003,0,178645.4997485002,0,34,n,0.98
28,Horamavu Agara lake,256865.59273819733,1720.896,178645.4997485002,1798.0591491673813,770.5967782145921,0,0,0.0,34.41792000000003,34.41792000000003,0,176111.26174111824,0,34,n,0.98
28,Horamavu Agara lake,255148.85965850222,1720.896,176111.26174111824,1786.0420176095156,765.4465789755067,0,0,0.0,34.41792000000003,34.41792000000003,0,173594.19106453322,0,34,n,0.98
28,Horamavu Agara lake,253430.7303015238,1720.896,173594.19106453322,1774.0151121106667,760.2921909045715,0,0,0.0,34.41792000000003,34.41792000000003,0,171094.30168151797,0,34,n,0.98
28,Horamavu Agara lake,251711.19365511872,1720.896,171094.30168151797,1761.9783555858312,755.1335809653561,0,0,0.0,34.41792000000003,34.41792000000003,0,168611.60766496678,0,34,n,0.98
28,Horamavu Agara lake,249990.2385419904,1720.896,168611.60766496678,1749.9316697939328,749.9707156259713,0,0,0.0,34.41792000000003,34.41792000000003,0,166146.12319954688,0,34,n,0.98
28,Horamavu Agara lake,248267.853616035,1720.896,166146.12319954688,1737.874975312245,744.803560848105,0,0,0.0,34.41792000000003,34.41792000000003,0,163697.86258338654,0,34,n,0.98
28,Horamavu Agara lake,246544.02735858038,1720.896,163697.86258338654,1725.8081915100627,739.6320820757412,0,0,0.0,34.41792000000003,34.41792000000003,0,161266.84022980073,0,34,n,0.98
28,Horamavu Agara lake,244818.74807451444,1720.896,161266.84022980073,1713.7312365216012,734.4562442235433,0,0,0.0,34.41792000000003,34.41792000000003,0,158853.0706690556,0,34,n,0.98
28,Horamavu Agara lake,243092.0038882986,1720.896,158853.0706690556,1701.6440272180903,729.2760116648958,0,0,19836.918224999998,19871.336144999997,19871.336144999997,0,176293.48677517264,0,34,n,0.98
28,Horamavu Agara lake,255272.73744537987,1720.896,176293.48677517264,1786.9091621176592,765.8182123361396,0,0,0.0,34.41792000000003,34.41792000000003,0,173775.17732071885,0,34,n,0.98
28,Horamavu Agara lake,253554.70917107526,1720.896,173775.17732071885,1774.882964197527,760.6641275132258,0,0,0.0,34.41792000000003,34.41792000000003,0,171274.04814900813,0,34,n,0.98
28,Horamavu Agara lake,251835.27440715436,1720.896,171274.04814900813,1762.8469208500806,755.5058232214631,0,0,0.0,34.41792000000003,34.41792000000003,0,168790.1133249366,0,34,n,0.98
28,Horamavu Agara lake,250114.42198835438,1720.896,168790.1133249366,1750.8009539184807,750.3432659650632,0,0,0.0,34.41792000000003,34.41792000000003,0,166323.38702505306,0,34,n,0.98
28,Horamavu Agara lake,248392.14058087248,1720.896,166323.38702505306,1738.7449840661075,745.1764217426174,0,0,0.0,34.41792000000003,34.41792000000003,0,163873.88353924433,0,34,n,0.98
28,Horamavu Agara lake,246668.41867861236,1720.896,163873.88353924433,1726.6789307502866,740.0052560358371,0,0,94548.0341625,94582.4520825,94582.4520825,0,255989.6514349582,0,34,n,0.98
28,Horamavu Agara lake,304111.50527908315,1720.896,255989.6514349582,2128.780536953582,912.3345158372495,0,0,7247.7228749999995,7282.140794999999,7282.140794999999,0,260230.67717716738,0,34,n,0.98
28,Horamavu Agara lake,306465.9160830886,1720.896,260230.67717716738,2145.2614125816203,919.3977482492659,0,0,0.0,34.41792000000003,34.41792000000003,0,257200.4359363365,0,34,n,0.98
28,Horamavu Agara lake,304785.77138853085,1720.896,257200.4359363365,2133.500399719716,914.3573141655926,0,0,38244.14865,38278.56657,38278.56657,0,292431.14479245123,0,34,n,0.98
28,Horamavu Agara lake,323714.33357959066,1720.896,292431.14479245123,2266.0003350571346,971.143000738772,0,0,0.0,34.41792000000003,34.41792000000003,0,289228.4193766553,0,34,n,0.98
28,Horamavu Agara lake,322045.46040518937,1720.896,289228.4193766553,2254.3182228363257,966.1363812155681,0,0,0.0,34.41792000000003,34.41792000000003,0,286042.3826926034,0,34,n,0.98
28,Horamavu Agara lake,320375.52489911695,1720.896,286042.3826926034,2242.6286742938187,961.1265746973509,0,0,0.0,34.41792000000003,34.41792000000003,0,282873.04536361224,0,34,n,0.98
28,Horamavu Agara lake,318704.5205036159,1720.896,282873.04536361224,2230.9316435253113,956.1135615108477,0,0,0.0,34.41792000000003,34.41792000000003,0,279720.41807857604,0,34,n,0.98
28,Horamavu Agara lake,317032.4405839092,1720.896,279720.41807857604,2219.227084087365,951.0973217517277,0,0,0.0,34.41792000000003,34.41792000000003,0,276584.51159273693,0,34,n,0.98
28,Horamavu Agara lake,315359.2784268653,1720.896,276584.51159273693,2207.514948988057,946.0778352805959,0,0,0.0,34.41792000000003,34.41792000000003,0,273465.33672846825,0,34,n,0.98
28,Horamavu Agara lake,313685.0272396306,1720.896,273465.33672846825,2195.795190677414,941.0550817188918,0,0,0.0,34.41792000000003,34.41792000000003,0,270362.90437607194,0,34,n,0.98
28,Horamavu Agara lake,312009.6801482322,1720.896,270362.90437607194,2184.0677610376256,936.0290404446966,0,0,5073.4060125,5107.8239324999995,5107.8239324999995,0,272350.6315070896,0,34,n,0.98
28,Horamavu Agara lake,313084.24091248726,1720.896,272350.6315070896,2191.589686387411,939.2527227374618,0,0,0.0,34.41792000000003,34.41792000000003,0,269254.20701796474,0,34,n,0.98
28,Horamavu Agara lake,311408.49905196356,1720.896,269254.20701796474,2179.859493363745,934.2254971558907,0,0,11675.7837,11710.20162,11710.20162,0,277850.32364744507,0,34,n,0.98
28,Horamavu Agara lake,316035.85758549394,1720.896,277850.32364744507,2212.2510030984577,948.1075727564819,0,0,0.0,34.41792000000003,34.41792000000003,0,274724.38299159013,0,34,n,0.98
28,Horamavu Agara lake,314362.0475091283,1720.896,274724.38299159013,2200.5343325638983,943.0861425273848,0,0,42106.291387499994,42140.709307499994,42140.709307499994,0,313721.4718239988,0,34,n,0.98
28,Horamavu Agara lake,334569.8671184025,1720.896,313721.4718239988,2341.9890698288177,1003.7096013552075,0,0,0.0,34.41792000000003,34.41792000000003,0,310410.19107281475,0,34,n,0.98
28,Horamavu Agara lake,332907.7647815629,1720.896,310410.19107281475,2330.35435347094,998.7232943446887,0,0,0.0,34.41792000000003,34.41792000000003,0,307115.5313449991,0,34,n,0.98
28,Horamavu Agara lake,331244.6410699903,1720.896,307115.5313449991,2318.7124874899323,993.7339232099708,0,0,0.0,34.41792000000003,34.41792000000003,0,303837.5028542992,0,34,n,0.98
28,Horamavu Agara lake,329580.4898973472,1720.896,303837.5028542992,2307.06342928143,988.7414696920415,0,0,0.0,34.41792000000003,34.41792000000003,0,300576.11587532575,0,34,n,0.98
28,Horamavu Agara lake,327915.305108291,1720.896,300576.11587532575,2295.407135758037,983.745915324873,0,0,0.0,34.41792000000003,34.41792000000003,0,297331.3807442428,0,34,n,0.98
28,Horamavu Agara lake,326249.08047731855,1720.896,297331.3807442428,2283.74356334123,978.7472414319557,0,0,0.0,34.41792000000003,34.41792000000003,0,294103.3078594696,0,34,n,0.98
28,Horamavu Agara lake,324581.8097075855,1720.896,294103.3078594696,2272.0726679530985,973.7454291227565,0,0,0.0,34.41792000000003,34.41792000000003,0,290891.90768239374,0,34,n,0.98
28,Horamavu Agara lake,322913.48642969853,1720.896,290891.90768239374,2260.39440500789,968.7404592890956,0,0,0.0,34.41792000000003,34.41792000000003,0,287697.1907380967,0,34,n,0.98
28,Horamavu Agara lake,321244.1042004811,1720.896,287697.1907380967,2248.7087294033677,963.7323126014433,0,0,82633.96916249998,82668.38708249999,82668.38708249999,0,367153.13677859184,0,34,n,0.98
28,Horamavu Agara lake,360201.0124050286,1720.896,367153.13677859184,2521.4070868352005,1080.6030372150858,0,0,8697.26745,8731.68537,8731.68537,0,372282.8120245416,0,34,n,0.98
28,Horamavu Agara lake,362554.34951073676,1720.896,372282.8120245416,2537.8804465751573,1087.6630485322103,0,0,0.0,34.41792000000003,34.41792000000003,0,368691.6864494342,0,34,n,0.98
28,Horamavu Agara lake,360908.673275663,1720.896,368691.6864494342,2526.360712929641,1082.726019826989,0,0,0.0,34.41792000000003,34.41792000000003,0,365117.01763667754,0,34,n,0.98
28,Horamavu Agara lake,359262.06921449275,1720.896,365117.01763667754,2514.8344845014494,1077.7862076434783,0,0,2899.08915,2933.5070699999997,2933.5070699999997,0,364457.9040145326,0,34,n,0.98
28,Horamavu Agara lake,358957.528185458,1720.896,364457.9040145326,2512.7026972982057,1076.872584556374,0,0,0.0,34.41792000000003,34.41792000000003,0,360902.74665267806,0,34,n,0.98
28,Horamavu Agara lake,357309.8181837527,1720.896,360902.74665267806,2501.168727286269,1071.9294545512582,0,0,0.0,34.41792000000003,34.41792000000003,0,357364.0663908405,0,34,n,0.98
28,Horamavu Agara lake,355661.1692057282,1720.896,357364.0663908405,2489.628184440098,1066.9835076171846,0,0,0.0,34.41792000000003,34.41792000000003,0,353841.8726187832,0,34,n,0.98
28,Horamavu Agara lake,354011.57606302097,1720.896,353841.8726187832,2478.081032441147,1062.034728189063,0,0,0.0,34.41792000000003,34.41792000000003,0,350336.17477815296,0,34,n,0.98
28,Horamavu Agara lake,352361.0335127224,1720.896,350336.17477815296,2466.527234589057,1057.0831005381672,0,0,0.0,34.41792000000003,34.41792000000003,0,346846.9823630257,0,34,n,0.98
28,Horamavu Agara lake,350709.5362565321,1720.896,346846.9823630257,2454.966753795725,1052.1286087695964,0,0,0.0,34.41792000000003,34.41792000000003,0,343374.30492046033,0,34,n,0.98
28,Horamavu Agara lake,349057.0789398932,1720.896,343374.30492046033,2443.3995525792525,1047.1712368196797,0,0,0.0,34.41792000000003,34.41792000000003,0,339918.15205106133,0,34,n,0.98
28,Horamavu Agara lake,347403.65615111,1720.896,339918.15205106133,2431.82559305777,1042.21096845333,0,0,2899.08915,2933.5070699999997,2933.5070699999997,0,339377.6225595502,0,34,n,0.98
28,Horamavu Agara lake,347144.26160328835,1720.896,339377.6225595502,2430.0098312230184,1041.432784809865,0,0,0.0,34.41792000000003,34.41792000000003,0,335940.59786351735,0,34,n,0.98
28,Horamavu Agara lake,345489.7150996185,1720.896,335940.59786351735,2418.4280056973294,1036.4691452988554,0,0,0.0,34.41792000000003,34.41792000000003,0,332520.11863252113,0,34,n,0.98
28,Horamavu Agara lake,343834.19125290157,1720.896,332520.11863252113,2406.839338770311,1031.5025737587048,0,0,1449.544575,1483.962495,1483.962495,0,330565.7392149921,0,34,n,0.98
28,Horamavu Agara lake,342884.20601875964,1720.896,330565.7392149921,2400.1894421313177,1028.652618056279,0,0,0.0,34.41792000000003,34.41792000000003,0,327171.3150748045,0,34,n,0.98
28,Horamavu Agara lake,341227.13290556223,1720.896,327171.3150748045,2388.5899303389356,1023.6813987166868,0,0,0.0,34.41792000000003,34.41792000000003,0,323793.4616657488,0,34,n,0.98
28,Horamavu Agara lake,339569.0679184404,1720.896,323793.4616657488,2376.983475429083,1018.7072037553212,0,0,0.0,34.41792000000003,34.41792000000003,0,320432.1889065644,0,34,n,0.98
28,Horamavu Agara lake,337910.0053003212,1720.896,320432.1889065644,2365.3700371022487,1013.7300159009636,0,0,0.0,34.41792000000003,34.41792000000003,0,317087.5067735611,0,34,n,0.98
28,Horamavu Agara lake,336249.93923055433,1720.896,317087.5067735611,2353.74957461388,1008.749817691663,0,0,0.0,34.41792000000003,34.41792000000003,0,313759.42530125554,0,34,n,0.98
28,Horamavu Agara lake,334588.86382387555,1720.896,313759.42530125554,2342.1220467671287,1003.7665914716267,0,0,0.0,34.41792000000003,34.41792000000003,0,310447.95458301675,0,34,n,0.98
28,Horamavu Agara lake,332926.773129347,1720.896,310447.95458301675,2330.4874119054293,998.7803193880411,0,0,0.0,34.41792000000003,34.41792000000003,0,307153.1047717233,0,34,n,0.98
28,Horamavu Agara lake,331263.6611292753,1720.896,307153.1047717233,2318.845627904927,993.7909833878258,0,0,0.0,34.41792000000003,34.41792000000003,0,303874.8860804305,0,34,n,0.98
28,Horamavu Agara lake,329599.521738105,1720.896,303874.8860804305,2307.196652166735,988.798565214315,0,0,0.0,34.41792000000003,34.41792000000003,0,300613.3087830494,0,34,n,0.98
28,Horamavu Agara lake,327934.34880128904,1720.896,300613.3087830494,2295.540441609023,983.8030464038671,0,0,0.0,34.41792000000003,34.41792000000003,0,297368.3832150365,0,34,n,0.98
28,Horamavu Agara lake,326268.13609413314,1720.896,297368.3832150365,2283.876952658932,978.8044082823994,0,0,0.0,34.41792000000003,34.41792000000003,0,294140.11977409513,0,34,n,0.98
28,Horamavu Agara lake,324600.8773206152,1720.896,294140.11977409513,2272.2061412443068,973.8026319618457,0,0,0.0,34.41792000000003,34.41792000000003,0,290928.52892088896,0,34,n,0.98
28,Horamavu Agara lake,322932.5661121784,1720.896,290928.52892088896,2260.5279627852487,968.7976983365352,0,0,0.0,34.41792000000003,34.41792000000003,0,287733.6211797671,0,34,n,0.98
28,Horamavu Agara lake,321263.19602649665,1720.896,287733.6211797671,2248.8423721854765,963.7895880794899,0,0,0.0,34.41792000000003,34.41792000000003,0,284555.4071395021,0,34,n,0.98
28,Horamavu Agara lake,319592.7605462133,1720.896,284555.4071395021,2237.149323823493,958.7782816386399,0,0,0.0,34.41792000000003,34.41792000000003,0,281393.89745403995,0,34,n,0.98
28,Horamavu Agara lake,317921.25307765004,1720.896,281393.89745403995,2225.4487715435503,953.7637592329502,0,0,0.0,34.41792000000003,34.41792000000003,0,278249.1028432634,0,34,n,0.98
28,Horamavu Agara lake,316248.66694948747,1720.896,278249.1028432634,2213.7406686464124,948.7460008484625,0,0,0.0,34.41792000000003,34.41792000000003,0,275121.0340937685,0,34,n,0.98
28,Horamavu Agara lake,314574.99541141465,1720.896,275121.0340937685,2202.0249678799028,943.7249862342439,0,0,0.0,34.41792000000003,34.41792000000003,0,272009.7020596543,0,34,n,0.98
28,Horamavu Agara lake,312900.2316327482,1720.896,272009.7020596543,2190.3016214292375,938.7006948982447,0,0,0.0,34.41792000000003,34.41792000000003,0,268915.1176633268,0,34,n,0.98
28,Horamavu Agara lake,311224.36870101886,1720.896,268915.1176633268,2178.570580907132,933.6731061030566,0,0,0.0,34.41792000000003,34.41792000000003,0,265837.29189631663,0,34,n,0.98
28,Horamavu Agara lake,309547.3996205255,1720.896,265837.29189631663,2166.8317973436783,928.6421988615765,0,0,0.0,34.41792000000003,34.41792000000003,0,262776.23582011135,0,34,n,0.98
28,Horamavu Agara lake,307869.31731085543,1720.896,262776.23582011135,2155.085221175988,923.6079519325663,0,0,0.0,34.41792000000003,34.41792000000003,0,259731.9605670028,0,34,n,0.98
28,Horamavu Agara lake,306190.11460536916,1720.896,259731.9605670028,2143.330802237584,918.5703438161075,0,0,0.0,34.41792000000003,34.41792000000003,0,256704.47734094912,0,34,n,0.98
28,Horamavu Agara lake,304509.7842496504,1720.896,256704.47734094912,2131.5684897475526,913.5293527489512,0,0,0.0,34.41792000000003,34.41792000000003,0,253693.79741845262,0,34,n,0.98
28,Horamavu Agara lake,302828.31889991777,1720.896,253693.79741845262,2119.7982322994244,908.4849566997533,0,0,9233.400375,9267.818295,9267.818295,0,259933.33252445346,0,34,n,0.98
28,Horamavu Agara lake,306301.5116140402,1720.896,259933.33252445346,2144.1105812982814,918.9045348421206,0,0,4348.633725,4383.051645,4383.051645,0,261253.36905331304,0,34,n,0.98
28,Horamavu Agara lake,307030.61167815,1720.896,261253.36905331304,2149.2142817470503,921.09183503445,0,0,0.0,34.41792000000003,34.41792000000003,0,258217.48085653153,0,34,n,0.98
28,Horamavu Agara lake,305350.84656705416,1720.896,258217.48085653153,2137.455925969379,916.0525397011625,0,0,0.0,34.41792000000003,34.41792000000003,0,255198.390310861,0,34,n,0.98
28,Horamavu Agara lake,303669.95014840923,1720.896,255198.390310861,2125.6896510388647,911.0098504452277,0,0,0.0,34.41792000000003,34.41792000000003,0,252196.1087293769,0,34,n,0.98
28,Horamavu Agara lake,301987.9150331854,1720.896,252196.1087293769,2113.915405232298,905.9637450995561,0,0,0.0,34.41792000000003,34.41792000000003,0,249210.64749904507,0,34,n,0.98
28,Horamavu Agara lake,300304.7337405361,1720.896,249210.64749904507,2102.133136183753,900.9142012216083,0,0,35345.059499999996,35379.477419999996,35379.477419999996,0,281587.0775816397,0,34,n,0.98
28,Horamavu Agara lake,318023.6734445469,1720.896,281587.0775816397,2226.165714111828,954.0710203336406,0,0,5798.1783,5832.596219999999,5832.596219999999,0,284239.43706719426,0,34,n,0.98
28,Horamavu Agara lake,319426.15014080104,1720.896,284239.43706719426,2235.9830509856074,958.2784504224031,0,0,0.0,34.41792000000003,34.41792000000003,0,281079.59348578623,0,34,n,0.98
28,Horamavu Agara lake,317754.53542456526,1720.896,281079.59348578623,2224.281747971957,953.2636062736958,0,0,0.0,34.41792000000003,34.41792000000003,0,277936.46605154057,0,34,n,0.98
28,Horamavu Agara lake,316081.84137925424,1720.896,277936.46605154057,2212.57288965478,948.2455241377628,0,0,0.0,34.41792000000003,34.41792000000003,0,274810.065557748,0,34,n,0.98
28,Horamavu Agara lake,314408.061246606,1720.896,274810.065557748,2200.856428726242,943.224183739818,0,0,0.0,34.41792000000003,34.41792000000003,0,271700.40286528197,0,34,n,0.98
28,Horamavu Agara lake,312733.1881878466,1720.896,271700.40286528197,2189.1323173149262,938.1995645635399,0,0,0.0,34.41792000000003,34.41792000000003,0,268607.4889034035,0,34,n,0.98
28,Horamavu Agara lake,311057.21528227354,1720.896,268607.4889034035,2177.4005069759146,933.1716458468206,0,0,0.0,34.41792000000003,34.41792000000003,0,265531.3346705808,0,34,n,0.98
28,Horamavu Agara lake,309380.1355258066,1720.896,265531.3346705808,2165.660948680646,928.1404065774198,0,0,0.0,34.41792000000003,34.41792000000003,0,262471.9512353227,0,34,n,0.98
28,Horamavu Agara lake,307701.94182950404,1720.896,262471.9512353227,2153.9135928065284,923.1058254885121,0,0,0.0,34.41792000000003,34.41792000000003,0,259429.34973702763,0,34,n,0.98
28,Horamavu Agara lake,306022.627018045,1720.896,259429.34973702763,2142.158389126315,918.067881054135,0,0,0.0,34.41792000000003,34.41792000000003,0,256403.54138684718,0,34,n,0.98
28,Horamavu Agara lake,304342.1838281748,1720.896,256403.54138684718,2130.3952867972234,913.0265514845244,0,0,0.0,34.41792000000003,34.41792000000003,0,253394.53746856542,0,34,n,0.98
28,Horamavu Agara lake,302660.6049071134,1720.896,253394.53746856542,2118.624234349794,907.9818147213402,0,0,0.0,34.41792000000003,34.41792000000003,0,250402.3493394943,0,34,n,0.98
28,Horamavu Agara lake,300977.8828109267,1720.896,250402.3493394943,2106.845179676487,902.9336484327802,0,0,0.0,34.41792000000003,34.41792000000003,0,247426.98843138505,0,34,n,0.98
28,Horamavu Agara lake,299294.01000285725,1720.896,247426.98843138505,2095.0580700200007,897.8820300085717,0,0,0.0,34.41792000000003,34.41792000000003,0,244468.4662513565,0,34,n,0.98
28,Horamavu Agara lake,297608.97885161557,1720.896,244468.4662513565,2083.262851961309,892.8269365548467,0,0,0.0,34.41792000000003,34.41792000000003,0,241526.79438284037,0,34,n,0.98
28,Horamavu Agara lake,295922.78162962897,1720.896,241526.79438284037,2071.459471407403,887.7683448888869,0,0,0.0,34.41792000000003,34.41792000000003,0,238601.98448654407,0,34,n,0.98
28,Horamavu Agara lake,294235.4105112484,1720.896,238601.98448654407,2059.6478735787387,882.7062315337452,0,0,0.0,34.41792000000003,34.41792000000003,0,235694.04830143158,0,34,n,0.98
28,Horamavu Agara lake,292546.85757091,1720.896,235694.04830143158,2047.82800299637,877.6405727127301,0,0,0.0,34.41792000000003,34.41792000000003,0,232802.9976457225,0,34,n,0.98
28,Horamavu Agara lake,290857.114781252,1720.896,232802.9976457225,2035.999803468764,872.571344343756,0,0,724.7722875,759.1902074999999,759.1902074999999,0,230653.61670541,0,34,n,0.98
28,Horamavu Agara lake,289593.62950235256,1720.896,230653.61670541,2027.155406516468,868.7808885070577,0,0,0.0,34.41792000000003,34.41792000000003,0,227792.09833038648,0,34,n,0.98
28,Horamavu Agara lake,287901.7881392131,1720.896,227792.09833038648,2015.3125169744917,863.7053644176393,0,0,0.0,34.41792000000003,34.41792000000003,0,224947.49836899436,0,34,n,0.98
28,Horamavu Agara lake,286208.73433348525,1720.896,224947.49836899436,2003.4611403343968,858.6262030004558,0,0,0.0,34.41792000000003,34.41792000000003,0,222119.8289456595,0,34,n,0.98
28,Horamavu Agara lake,284514.45965877036,1720.896,222119.8289456595,1991.6012176113925,853.543378976311,0,0,0.0,34.41792000000003,34.41792000000003,0,219309.1022690718,0,34,n,0.98
28,Horamavu Agara lake,282818.9555772637,1720.896,219309.1022690718,1979.732689040846,848.4568667317911,0,0,0.0,34.41792000000003,34.41792000000003,0,216515.33063329916,0,34,n,0.98
28,Horamavu Agara lake,281122.2134375799,1720.896,216515.33063329916,1967.8554940630595,843.3666403127398,0,0,0.0,34.41792000000003,34.41792000000003,0,213738.52641892337,0,34,n,0.98
28,Horamavu Agara lake,279424.22447252204,1720.896,213738.52641892337,1955.9695713076544,838.2726734175661,0,0,0.0,34.41792000000003,34.41792000000003,0,210978.70209419818,0,34,n,0.98
28,Horamavu Agara lake,277724.97979679337,1720.896,210978.70209419818,1944.0748585775536,833.1749393903801,0,0,2174.3168625,2208.7347824999997,2208.7347824999997,0,210410.18707873023,0,34,n,0.98
28,Horamavu Agara lake,277373.47831263277,1720.896,210410.18707873023,1941.6143481884294,832.1204349378983,0,0,0.0,34.41792000000003,34.41792000000003,0,207670.8702156039,0,34,n,0.98
28,Horamavu Agara lake,275672.70628686965,1720.896,207670.8702156039,1929.7089440080877,827.018118860609,0,0,0.0,34.41792000000003,34.41792000000003,0,204948.56107273523,0,34,n,0.98
28,Horamavu Agara lake,273970.6585130592,1720.896,204948.56107273523,1917.7946095914144,821.9119755391777,0,0,0.0,34.41792000000003,34.41792000000003,0,202243.27240760464,0,34,n,0.98
28,Horamavu Agara lake,272267.3257110358,1720.896,202243.27240760464,1905.8712799772507,816.8019771331075,0,0,0.0,34.41792000000003,34.41792000000003,0,199555.01707049427,0,34,n,0.98
28,Horamavu Agara lake,270562.69847222744,1720.896,199555.01707049427,1893.938889305592,811.6880954166824,0,0,0.0,34.41792000000003,34.41792000000003,0,196883.808005772,0,34,n,0.98
28,Horamavu Agara lake,268856.76725703327,1720.896,196883.808005772,1881.9973707992328,806.5703017710998,0,0,0.0,34.41792000000003,34.41792000000003,0,194229.65825320166,0,34,n,0.98
28,Horamavu Agara lake,267149.52239213046,1720.896,194229.65825320166,1870.0466567449132,801.4485671763914,0,0,0.0,34.41792000000003,34.41792000000003,0,191592.58094928038,0,34,n,0.98
28,Horamavu Agara lake,265440.9540677074,1720.896,191592.58094928038,1858.086678473952,796.3228622031222,0,0,0.0,34.41792000000003,34.41792000000003,0,188972.58932860332,0,34,n,0.98
28,Horamavu Agara lake,263731.05233462167,1720.896,188972.58932860332,1846.1173663423517,791.193157003865,0,0,0.0,34.41792000000003,34.41792000000003,0,186369.69672525712,0,34,n,0.98
28,Horamavu Agara lake,262019.8071014791,1720.896,186369.69672525712,1834.1386497103538,786.0594213044373,0,0,0.0,34.41792000000003,34.41792000000003,0,183783.91657424232,0,34,n,0.98
28,Horamavu Agara lake,260307.20813163277,1720.896,183783.91657424232,1822.1504569214294,780.9216243948983,0,0,0.0,34.41792000000003,34.41792000000003,0,181215.262412926,0,34,n,0.98
28,Horamavu Agara lake,258593.24504009736,1720.896,181215.262412926,1810.1527152806816,775.7797351202921,0,0,0.0,34.41792000000003,34.41792000000003,0,178663.74788252503,0,34,n,0.98
28,Horamavu Agara lake,256877.90729037716,1720.896,178663.74788252503,1798.14535103264,770.6337218711315,0,0,0.0,34.41792000000003,34.41792000000003,0,176129.38672962127,0,34,n,0.98
28,Horamavu Agara lake,255161.18419120464,1720.896,176129.38672962127,1786.1282893384325,765.4835525736139,0,0,0.0,34.41792000000003,34.41792000000003,0,173612.19280770922,0,34,n,0.98
28,Horamavu Agara lake,253443.06489318574,1720.896,173612.19280770922,1774.1014542523003,760.3291946795572,0,0,0.0,34.41792000000003,34.41792000000003,0,171112.18007877737,0,34,n,0.98
28,Horamavu Agara lake,251723.53838534918,1720.896,171112.18007877737,1762.0647686974444,755.1706151560476,0,0,1449.544575,1483.962495,1483.962495,0,170078.9071899239,0,34,n,0.98
28,Horamavu Agara lake,251008.95416036883,1720.896,170078.9071899239,1757.0626791225818,753.0268624811065,0,0,0.0,34.41792000000003,34.41792000000003,0,167603.2355683202,0,34,n,0.98
28,Horamavu Agara lake,249287.41684622157,1720.896,167603.2355683202,1745.011917923551,747.8622505386647,0,0,6522.9505874999995,6557.368507499999,6557.368507499999,0,171667.729907358,0,34,n,0.98
28,Horamavu Agara lake,252106.7956032949,1720.896,171667.729907358,1764.7475692230641,756.3203868098847,0,0,0.0,34.41792000000003,34.41792000000003,0,169181.07987132508,0,34,n,0.98
28,Horamavu Agara lake,250386.1677222385,1720.896,169181.07987132508,1752.7031740556695,751.1585031667155,0,0,0.0,34.41792000000003,34.41792000000003,0,166711.6361141027,0,34,n,0.98
28,Horamavu Agara lake,248664.11265299097,1720.896,166711.6361141027,1740.6487885709369,745.9923379589729,0,0,1449.544575,1483.962495,1483.962495,0,165708.9574825728,0,34,n,0.98
28,Horamavu Agara lake,247961.0376575505,1720.896,165708.9574825728,1735.7272636028536,743.8831129726516,0,0,0.0,34.41792000000003,34.41792000000003,0,163263.76502599727,0,34,n,0.98
28,Horamavu Agara lake,246236.9535542478,1720.896,163263.76502599727,1723.6586748797347,738.7108606627434,0,0,0.0,34.41792000000003,34.41792000000003,0,160835.8134104548,0,34,n,0.98
28,Horamavu Agara lake,244511.41432325085,1720.896,160835.8134104548,1711.579900262756,733.5342429697525,0,0,0.0,34.41792000000003,34.41792000000003,0,158425.1171872223,0,34,n,0.98
28,Horamavu Agara lake,242784.4080564695,1720.896,158425.1171872223,1699.4908563952865,728.3532241694085,0,0,0.0,34.41792000000003,34.41792000000003,0,156031.69102665762,0,34,n,0.98
28,Horamavu Agara lake,241055.9226605378,1720.896,156031.69102665762,1687.3914586237645,723.1677679816133,0,0,0.0,34.41792000000003,34.41792000000003,0,153655.54972005225,0,34,n,0.98
28,Horamavu Agara lake,239325.94585256223,1720.896,153655.54972005225,1675.2816209679356,717.9778375576867,0,0,0.0,34.41792000000003,34.41792000000003,0,151296.70818152663,0,34,n,0.98
28,Horamavu Agara lake,237594.46515574146,1720.896,151296.70818152663,1663.1612560901904,712.7833954672244,0,0,0.0,34.41792000000003,34.41792000000003,0,148955.1814499692,0,34,n,0.98
28,Horamavu Agara lake,235861.46789485207,1720.896,148955.1814499692,1651.0302752639645,707.5844036845563,0,0,0.0,34.41792000000003,34.41792000000003,0,146630.98469102068,0,34,n,0.98
28,Horamavu Agara lake,234126.94119159554,1720.896,146630.98469102068,1638.8885883411688,702.3808235747866,0,0,0.0,34.41792000000003,34.41792000000003,0,144324.13319910475,0,34,n,0.98
28,Horamavu Agara lake,232390.87195980112,1720.896,144324.13319910475,1626.7361037186079,697.1726158794033,0,0,0.0,34.41792000000003,34.41792000000003,0,142034.64239950676,0,34,n,0.98
28,Horamavu Agara lake,230653.24690047905,1720.896,142034.64239950676,1614.5727283033534,691.9597407014371,0,0,0.0,34.41792000000003,34.41792000000003,0,139762.527850502,0,34,n,0.98
28,Horamavu Agara lake,228914.052496718,1720.896,139762.527850502,1602.398367477026,686.742157490154,0,0,0.0,34.41792000000003,34.41792000000003,0,137507.8052455348,0,34,n,0.98
28,Horamavu Agara lake,227173.27500842168,1720.896,137507.8052455348,1590.212925058952,681.519825025265,0,0,8240.561625,8274.979545,8274.979545,0,143511.0520404506,0,34,n,0.98
28,Horamavu Agara lake,231775.46467292562,1720.896,143511.0520404506,1622.4282527104795,695.3263940187769,0,0,0.0,34.41792000000003,34.41792000000003,0,141227.71531372136,0,34,n,0.98
28,Horamavu Agara lake,230037.28520169077,1720.896,141227.71531372136,1610.2609964118353,690.1118556050724,0,0,1449.544575,1483.962495,1483.962495,0,140411.30495670447,0,34,n,0.98
28,Horamavu Agara lake,229412.18094293232,1720.896,140411.30495670447,1605.8852666005262,688.2365428287969,0,0,88402.3623,88436.78022,88436.78022,0,226553.96336727514,0,34,n,0.98
28,Horamavu Agara lake,287166.25986293587,1720.896,226553.96336727514,2010.163819040551,861.4987795888077,0,0,5798.1783,5832.596219999999,5832.596219999999,0,229514.89698864578,0,34,n,0.98
28,Horamavu Agara lake,288921.7156531749,1720.896,229514.89698864578,2022.4520095722244,866.7651469595247,0,0,0.0,34.41792000000003,34.41792000000003,0,226660.09775211406,0,34,n,0.98
28,Horamavu Agara lake,287229.39366727014,1720.896,226660.09775211406,2010.605755670891,861.6881810018104,0,0,0.0,34.41792000000003,34.41792000000003,0,223822.22173544136,0,34,n,0.98
28,Horamavu Agara lake,285535.8559047178,1720.896,223822.22173544136,1998.7509913330248,856.6075677141534,0,0,0.0,34.41792000000003,34.41792000000003,0,221001.2810963942,0,34,n,0.98
28,Horamavu Agara lake,283841.0938951218,1720.896,221001.2810963942,1986.8876572658528,851.5232816853655,0,0,0.0,34.41792000000003,34.41792000000003,0,218197.288077443,0,34,n,0.98
28,Horamavu Agara lake,282145.0990558227,1720.896,218197.288077443,1975.015693390759,846.4352971674681,0,0,0.0,34.41792000000003,34.41792000000003,0,215410.25500688475,0,34,n,0.98
28,Horamavu Agara lake,280447.86268970073,1720.896,215410.25500688475,1963.1350388279052,841.3435880691022,0,0,0.0,34.41792000000003,34.41792000000003,0,212640.19429998775,0,34,n,0.98
28,Horamavu Agara lake,278749.3759829232,1720.896,212640.19429998775,1951.2456318804625,836.2481279487696,0,0,0.0,34.41792000000003,34.41792000000003,0,209887.1184601585,0,34,n,0.98
28,Horamavu Agara lake,277049.63000263134,1720.896,209887.1184601585,1939.3474100184194,831.148890007894,0,0,0.0,34.41792000000003,34.41792000000003,0,207151.0400801322,0,34,n,0.98
28,Horamavu Agara lake,275348.6156945685,1720.896,207151.0400801322,1927.4403098619796,826.0458470837054,0,0,0.0,34.41792000000003,34.41792000000003,0,204431.97184318653,0,34,n,0.98
28,Horamavu Agara lake,273646.323880644,1720.896,204431.97184318653,1915.524267164508,820.938971641932,0,0,0.0,34.41792000000003,34.41792000000003,0,201729.9265243801,0,34,n,0.98
28,Horamavu Agara lake,271942.7452564336,1720.896,201729.9265243801,1903.5992167950353,815.8282357693008,0,0,0.0,34.41792000000003,34.41792000000003,0,199044.9169918158,0,34,n,0.98
28,Horamavu Agara lake,270237.87038861256,1720.896,199044.9169918158,1891.665092720288,810.7136111658377,0,0,0.0,34.41792000000003,34.41792000000003,0,196376.95620792964,0,34,n,0.98
28,Horamavu Agara lake,268531.6897123199,1720.896,196376.95620792964,1879.721827986239,805.5950691369596,0,0,4348.633725,4383.051645,4383.051645,0,198074.69095580644,0,34,n,0.98
28,Horamavu Agara lake,269618.8159677159,1720.896,198074.69095580644,1887.3317117740116,808.8564479031478,0,0,0.0,34.41792000000003,34.41792000000003,0,195412.92071612927,0,34,n,0.98
28,Horamavu Agara lake,267912.1589967394,1720.896,195412.92071612927,1875.385112977176,803.7364769902183,0,0,0.0,34.41792000000003,34.41792000000003,0,192768.21704616188,0,34,n,0.98
28,Horamavu Agara lake,266204.18296445505,1720.896,192768.21704616188,1863.4292807511854,798.6125488933651,0,0,0.0,34.41792000000003,34.41792000000003,0,190140.59313651733,0,34,n,0.98
28,Horamavu Agara lake,264494.8779843033,1720.896,190140.59313651733,1851.464145890123,793.4846339529099,0,0,0.0,34.41792000000003,34.41792000000003,0,187530.06227667432,0,34,n,0.98
28,Horamavu Agara lake,262784.23402878706,1720.896,187530.06227667432,1839.4896382015095,788.3527020863612,0,0,0.0,34.41792000000003,34.41792000000003,0,184936.63785638646,0,34,n,0.98
28,Horamavu Agara lake,261072.2409265072,1720.896,184936.63785638646,1827.5056864855503,783.2167227795215,0,0,0.0,34.41792000000003,34.41792000000003,0,182360.33336712138,0,34,n,0.98
28,Horamavu Agara lake,259358.88835911447,1720.896,182360.33336712138,1815.5122185138014,778.0766650773435,0,0,0.0,34.41792000000003,34.41792000000003,0,179801.16240353027,0,34,n,0.98
28,Horamavu Agara lake,257644.165858177,1720.896,179801.16240353027,1803.509161007239,772.932497574531,0,0,0.0,34.41792000000003,34.41792000000003,0,177259.1386649485,0,34,n,0.98
28,Horamavu Agara lake,255928.062801959,1720.896,177259.1386649485,1791.496439613713,767.784188405877,0,0,0.0,34.41792000000003,34.41792000000003,0,174734.2759569289,0,34,n,0.98
28,Horamavu Agara lake,254210.56841210788,1720.896,174734.2759569289,1779.4739788847553,762.6317052363237,0,0,0.0,34.41792000000003,34.41792000000003,0,172226.58819280783,0,34,n,0.98
28,Horamavu Agara lake,252491.67175024725,1720.896,172226.58819280783,1767.4417022517307,757.4750152507418,0,0,0.0,34.41792000000003,34.41792000000003,0,169736.08939530537,0,34,n,0.98
28,Horamavu Agara lake,250771.36171447142,1720.896,169736.08939530537,1755.3995320013,752.3140851434143,0,0,0.0,34.41792000000003,34.41792000000003,0,167262.79369816068,0,34,n,0.98
28,Horamavu Agara lake,249049.62703573864,1720.896,167262.79369816068,1743.3473892501704,747.148881107216,0,0,0.0,34.41792000000003,34.41792000000003,0,164806.71534780329,0,34,n,0.98
28,Horamavu Agara lake,247326.45627415908,1720.896,164806.71534780329,1731.2851939191137,741.9793688224772,0,0,0.0,34.41792000000003,34.41792000000003,0,162367.8687050617,0,34,n,0.98
28,Horamavu Agara lake,245601.83781517387,1720.896,162367.8687050617,1719.212864706217,736.8055134455217,0,0,0.0,34.41792000000003,34.41792000000003,0,159946.26824690998,0,34,n,0.98
28,Horamavu Agara lake,243875.75986562108,1720.896,159946.26824690998,1707.1303190593476,731.6272795968632,0,0,0.0,34.41792000000003,34.41792000000003,0,157541.92856825376,0,34,n,0.98
28,Horamavu Agara lake,242148.21044968482,1720.896,157541.92856825376,1695.0374731477937,726.4446313490545,0,0,0.0,34.41792000000003,34.41792000000003,0,155154.8643837569,0,34,n,0.98
28,Horamavu Agara lake,240419.17740472264,1720.896,155154.8643837569,1682.9342418330584,721.2575322141679,0,0,0.0,34.41792000000003,34.41792000000003,0,152785.0905297097,0,34,n,0.98
28,Horamavu Agara lake,238688.64837696712,1720.896,152785.0905297097,1670.82053863877,716.0659451309014,0,0,0.0,34.41792000000003,34.41792000000003,0,150432.62196594005,0,34,n,0.98
28,Horamavu Agara lake,236956.61081709692,1720.896,150432.62196594005,1658.6962757196784,710.8698324512908,0,0,0.0,34.41792000000003,34.41792000000003,0,148097.4737777691,0,34,n,0.98
28,Horamavu Agara lake,235223.05197567193,1720.896,148097.4737777691,1646.5613638297036,705.6691559270158,0,0,0.0,34.41792000000003,34.41792000000003,0,145779.66117801238,0,34,n,0.98
28,Horamavu Agara lake,233487.95889842775,1720.896,145779.66117801238,1634.4157122889942,700.4638766952833,0,0,0.0,34.41792000000003,34.41792000000003,0,143479.1995090281,0,34,n,0.98
28,Horamavu Agara lake,231751.3184214243,1720.896,143479.1995090281,1622.2592289499703,695.2539552642729,0,0,0.0,34.41792000000003,34.41792000000003,0,141196.10424481388,0,34,n,0.98
28,Horamavu Agara lake,230013.1171660424,1720.896,141196.10424481388,1610.0918201622967,690.0393514981272,0,0,0.0,34.41792000000003,34.41792000000003,0,138930.39099315347,0,34,n,0.98
28,Horamavu Agara lake,228273.34153382241,1720.896,138930.39099315347,1597.913390736757,684.8200246014673,0,0,0.0,34.41792000000003,34.41792000000003,0,136682.07549781524,0,34,n,0.98
28,Horamavu Agara lake,226531.97770113978,1720.896,136682.07549781524,1585.7238439079786,679.5959331034194,0,0,0.0,34.41792000000003,34.41792000000003,0,134451.17364080387,0,34,n,0.98
28,Horamavu Agara lake,224789.01161370976,1720.896,134451.17364080387,1573.5230812959685,674.3670348411293,0,0,0.0,34.41792000000003,34.41792000000003,0,132237.70144466677,0,34,n,0.98
28,Horamavu Agara lake,223044.4289809149,1720.896,132237.70144466677,1561.3110028664044,669.1332869427447,0,0,0.0,34.41792000000003,34.41792000000003,0,130041.67507485763,0,34,n,0.98
28,Horamavu Agara lake,221298.2152699492,1720.896,130041.67507485763,1549.0875068896444,663.8946458098476,0,0,0.0,34.41792000000003,34.41792000000003,0,127863.11084215814,0,34,n,0.98
28,Horamavu Agara lake,219550.3556997701,1720.896,127863.11084215814,1536.8524898983908,658.6510670993104,0,0,0.0,34.41792000000003,34.41792000000003,0,125702.02520516045,0,34,n,0.98
28,Horamavu Agara lake,217800.83523485129,1720.896,125702.02520516045,1524.605846643959,653.4025057045538,0,0,0.0,34.41792000000003,34.41792000000003,0,123558.43477281195,0,34,n,0.98
28,Horamavu Agara lake,216049.63857872848,1720.896,123558.43477281195,1512.3474700510994,648.1489157361855,0,0,0.0,34.41792000000003,34.41792000000003,0,121432.35630702467,0,34,n,0.98
28,Horamavu Agara lake,214296.75016732884,1720.896,121432.35630702467,1500.077251171302,642.8902505019865,0,0,0.0,34.41792000000003,34.41792000000003,0,119323.8067253514,0,34,n,0.98
28,Horamavu Agara lake,212542.15416207572,1720.896,119323.8067253514,1487.7950791345302,637.6264624862272,0,0,0.0,34.41792000000003,34.41792000000003,0,117232.80310373065,0,34,n,0.98
28,Horamavu Agara lake,210785.8344427591,1720.896,117232.80310373065,1475.5008410993137,632.3575033282773,0,0,0.0,34.41792000000003,34.41792000000003,0,115159.36267930306,0,34,n,0.98
28,Horamavu Agara lake,209027.77460016203,1720.896,115159.36267930306,1463.194422201134,627.0833238004861,0,0,0.0,34.41792000000003,34.41792000000003,0,113103.50285330144,0,34,n,0.98
28,Horamavu Agara lake,207267.9579284324,1720.896,113103.50285330144,1450.875705499027,621.8038737852972,0,0,0.0,34.41792000000003,34.41792000000003,0,111065.24119401713,0,34,n,0.98
28,Horamavu Agara lake,205506.36741718964,1720.896,111065.24119401713,1438.5445719203276,616.5191022515689,0,0,0.0,34.41792000000003,34.41792000000003,0,109044.59543984524,0,34,n,0.98
28,Horamavu Agara lake,203742.98574335442,1720.896,109044.59543984524,1426.200900203481,611.2289572300633,0,0,0.0,34.41792000000003,34.41792000000003,0,107041.58350241171,0,34,n,0.98
28,Horamavu Agara lake,201977.79526268996,1720.896,107041.58350241171,1413.8445668388297,605.9333857880699,0,0,0.0,34.41792000000003,34.41792000000003,0,105056.22346978482,0,34,n,0.98
28,Horamavu Agara lake,200210.77800104182,1720.896,105056.22346978482,1401.4754460072927,600.6323340031255,0,0,0.0,34.41792000000003,34.41792000000003,0,103088.53360977441,0,34,n,0.98
28,Horamavu Agara lake,198441.9156452632,1720.896,103088.53360977441,1389.0934095168423,595.3257469357895,0,0,724.7722875,759.1902074999999,759.1902074999999,0,101863.30466082177,0,34,n,0.98
28,Horamavu Agara lake,197331.42710337657,1720.896,101863.30466082177,1381.319989723636,591.9942813101297,0,0,0.0,34.41792000000003,34.41792000000003,0,99924.408309788,0,34,n,0.98
28,Horamavu Agara lake,195559.52224674524,1720.896,99924.408309788,1368.9166557272167,586.6785667402357,0,0,0.0,34.41792000000003,34.41792000000003,0,98003.23100732057,0,34,n,0.98
28,Horamavu Agara lake,193785.72249716616,1720.896,98003.23100732057,1356.5000574801632,581.3571674914986,0,0,0.0,34.41792000000003,34.41792000000003,0,96099.79170234891,0,34,n,0.98
28,Horamavu Agara lake,192010.00823039658,1720.896,96099.79170234891,1344.070057612776,576.0300246911897,0,0,0.0,34.41792000000003,34.41792000000003,0,94214.10954004496,0,34,n,0.98
28,Horamavu Agara lake,190232.35943669407,1720.896,94214.10954004496,1331.6265160568585,570.6970783100822,0,0,0.0,34.41792000000003,34.41792000000003,0,92346.20386567802,0,34,n,0.98
28,Horamavu Agara lake,188452.7557096893,1720.896,92346.20386567802,1319.1692899678253,565.3582671290679,0,0,0.0,34.41792000000003,34.41792000000003,0,90496.09422858113,0,34,n,0.98
28,Horamavu Agara lake,186671.17623483736,1720.896,90496.09422858113,1306.6982336438616,560.013528704512,0,0,0.0,34.41792000000003,34.41792000000003,0,88663.80038623276,0,34,n,0.98
28,Horamavu Agara lake,184887.59977742672,1720.896,88663.80038623276,1294.213198441987,554.6627993322802,0,0,2899.08915,2933.5070699999997,2933.5070699999997,0,89748.4314584585,0,34,n,0.98
28,Horamavu Agara lake,185945.7283057658,1720.896,89748.4314584585,1301.6200981403606,557.8371849172975,0,0,0.0,34.41792000000003,34.41792000000003,0,87923.39209540084,0,34,n,0.98
28,Horamavu Agara lake,184161.33315245804,1720.896,87923.39209540084,1289.1293320672064,552.4839994573741,0,0,0.0,34.41792000000003,34.41792000000003,0,86116.19668387626,0,34,n,0.98
28,Horamavu Agara lake,182374.91040662306,1720.896,86116.19668387626,1276.6243728463614,547.1247312198692,0,0,0.0,34.41792000000003,34.41792000000003,0,84326.86549981004,0,34,n,0.98
28,Horamavu Agara lake,180586.43777026955,1720.896,84326.86549981004,1264.1050643918868,541.7593133108087,0,0,3623.8614374999997,3658.2793574999996,3658.2793574999996,0,86179.28047960735,0,34,n,0.98
28,Horamavu Agara lake,182437.60235364566,1720.896,86179.28047960735,1277.0632164755198,547.312807060937,0,0,5073.4060125,5107.8239324999995,5107.8239324999995,0,89462.72838857089,0,34,n,0.98
28,Horamavu Agara lake,185667.66762506546,1720.896,89462.72838857089,1299.6736733754583,557.0030028751963,0,0,0.0,34.41792000000003,34.41792000000003,0,87640.46963232025,0,34,n,0.98
28,Horamavu Agara lake,183882.95781204832,1720.896,87640.46963232025,1287.1807046843383,551.648873436145,0,0,0.0,34.41792000000003,34.41792000000003,0,85836.05797419978,0,34,n,0.98
28,Horamavu Agara lake,182096.21696018512,1720.896,85836.05797419978,1274.673518721296,546.2886508805553,0,0,0.0,34.41792000000003,34.41792000000003,0,84049.51372459794,0,34,n,0.98
28,Horamavu Agara lake,180307.4226999605,1720.896,84049.51372459794,1262.1519588997235,540.9222680998815,0,0,0.0,34.41792000000003,34.41792000000003,0,82280.85741759835,0,34,n,0.98
28,Horamavu Agara lake,178516.5521950592,1720.896,82280.85741759835,1249.6158653654145,535.5496565851776,0,0,0.0,34.41792000000003,34.41792000000003,0,80530.10981564777,0,34,n,0.98
28,Horamavu Agara lake,176723.5821280787,1720.896,80530.10981564777,1237.0650748965509,530.1707463842362,0,0,14306.806387499999,14341.224307499999,14341.224307499999,0,93104.09830186698,0,34,n,0.98
28,Horamavu Agara lake,189177.1040400288,1720.896,93104.09830186698,1324.2397282802015,567.5313121200863,0,0,0.0,34.41792000000003,34.41792000000003,0,91246.7451814667,0,34,n,0.98
28,Horamavu Agara lake,187396.33102451815,1720.896,91246.7451814667,1311.774317171627,562.1889930735545,0,0,0.0,34.41792000000003,34.41792000000003,0,89407.19979122153,0,34,n,0.98
28,Horamavu Agara lake,185613.56971822484,1720.896,89407.19979122153,1299.294988027574,556.8407091546745,0,0,0.0,34.41792000000003,34.41792000000003,0,87585.4820140393,0,34,n,0.98
28,Horamavu Agara lake,183828.79863138165,1720.896,87585.4820140393,1286.8015904196716,551.486395894145,0,0,0.0,34.41792000000003,34.41792000000003,0,85781.6119477255,0,34,n,0.98
28,Horamavu Agara lake,182041.99583398874,1720.896,85781.6119477255,1274.2939708379213,546.1259875019663,0,0,0.0,34.41792000000003,34.41792000000003,0,83995.60990938562,0,34,n,0.98
28,Horamavu Agara lake,180253.13894257814,1720.896,83995.60990938562,1261.771972598047,540.7594168277344,0,0,0.0,34.41792000000003,34.41792000000003,0,82227.49643995985,0,34,n,0.98
28,Horamavu Agara lake,178462.20510645682,1720.896,82227.49643995985,1249.2354357451977,535.3866153193704,0,0,0.0,34.41792000000003,34.41792000000003,0,80477.2923088953,0,34,n,0.98
28,Horamavu Agara lake,176669.17099340245,1720.896,80477.2923088953,1236.6841969538173,530.0075129802074,0,0,0.0,34.41792000000003,34.41792000000003,0,78745.01851896127,0,34,n,0.98
28,Horamavu Agara lake,174874.01277478575,1720.896,78745.01851896127,1224.1180894235004,524.6220383243573,0,0,0.0,34.41792000000003,34.41792000000003,0,77030.69631121341,0,34,n,0.98
28,Horamavu Agara lake,173076.70611009115,1720.896,77030.69631121341,1211.536942770638,519.2301183302735,0,0,0.0,34.41792000000003,34.41792000000003,0,75334.34717011251,0,34,n,0.98
28,Horamavu Agara lake,171277.2261308058,1720.896,75334.34717011251,1198.9405829156406,513.8316783924174,0,0,0.0,34.41792000000003,34.41792000000003,0,73655.99282880445,0,34,n,0.98
28,Horamavu Agara lake,169475.54742364518,1720.896,73655.99282880445,1186.3288319655164,508.4266422709356,0,0,0.0,34.41792000000003,34.41792000000003,0,71995.65527456801,0,34,n,0.98
28,Horamavu Agara lake,167671.64401308325,1720.896,71995.65527456801,1173.7015080915828,503.01493203924974,0,0,0.0,34.41792000000003,34.41792000000003,0,70353.35675443718,0,34,n,0.98
28,Horamavu Agara lake,165865.48934314994,1720.896,70353.35675443718,1161.0584254020496,497.5964680294498,0,0,0.0,34.41792000000003,34.41792000000003,0,68729.11978100568,0,34,n,0.98
28,Horamavu Agara lake,164057.05625846057,1720.896,68729.11978100568,1148.399393809224,492.1711687753817,0,0,0.0,34.41792000000003,34.41792000000003,0,67122.96713842108,0,34,n,0.98
28,Horamavu Agara lake,162246.31698443645,1720.896,67122.96713842108,1135.7242188910552,486.73895095330937,0,0,0.0,34.41792000000003,34.41792000000003,0,65534.92188857672,0,34,n,0.98
28,Horamavu Agara lake,160433.2431066751,1720.896,65534.92188857672,1123.0327017467257,481.29972932002534,0,0,0.0,34.41792000000003,34.41792000000003,0,63965.00737750997,0,34,n,0.98
28,Horamavu Agara lake,158617.80554942638,1720.896,63965.00737750997,1110.3246388459847,475.85341664827916,0,0,0.0,34.41792000000003,34.41792000000003,0,62413.24724201571,0,34,n,0.98
28,Horamavu Agara lake,156799.97455312635,1720.896,62413.24724201571,1097.5998218718844,470.39992365937906,0,0,0.0,34.41792000000003,34.41792000000003,0,60879.665416484444,0,34,n,0.98
28,Horamavu Agara lake,154979.71965094053,1720.896,60879.665416484444,1084.8580375565837,464.93915895282163,0,0,0.0,34.41792000000003,34.41792000000003,0,59364.28613997503,0,34,n,0.98
